description,icon,temp,temp_min,temp_max,humidity,dt
"broken clouds",04d,9,9,10,66,"2021-03-22 14:32:26"
"broken clouds",04d,9,8,9,76,"2021-03-22 14:14:56"
"broken clouds",04d,9,8,9,76,"2021-03-22 14:00:25"
"broken clouds",04d,9,8,9,76,"2021-03-22 13:43:53"
"broken clouds",04d,9,8,9,76,"2021-03-22 13:27:37"
"broken clouds",04d,9,8,9,76,"2021-03-22 13:17:29"
"broken clouds",04d,9,8,9,76,"2021-03-22 13:00:02"
"broken clouds",04d,9,8,9,76,"2021-03-22 12:47:28"
"broken clouds",04d,9,8,9,76,"2021-03-22 12:30:49"
"broken clouds",04d,9,8,9,76,"2021-03-22 12:17:28"
"broken clouds",04d,9,8,9,81,"2021-03-22 12:02:17"
"broken clouds",04d,9,8,9,81,"2021-03-22 11:44:42"
"broken clouds",04d,9,8,9,81,"2021-03-22 11:27:59"
"broken clouds",04d,9,8,9,81,"2021-03-22 11:12:28"
"broken clouds",04d,9,8,9,81,"2021-03-22 11:00:04"
"broken clouds",04d,9,8,9,81,"2021-03-22 10:45:33"
"broken clouds",04d,9,8,9,81,"2021-03-22 10:29:34"
"broken clouds",04d,9,8,9,81,"2021-03-22 10:16:31"
"overcast clouds",04d,9,8,9,81,"2021-03-22 10:02:27"
"overcast clouds",04d,9,8,9,81,"2021-03-22 09:44:39"
"overcast clouds",04d,9,8,9,76,"2021-03-22 09:31:16"
"overcast clouds",04d,9,8,9,76,"2021-03-22 09:14:49"
"overcast clouds",04d,9,8,9,76,"2021-03-22 08:57:29"
"overcast clouds",04d,9,8,9,76,"2021-03-22 08:43:27"
"overcast clouds",04d,8,8,9,71,"2021-03-22 08:28:05"
"overcast clouds",04d,8,8,9,71,"2021-03-22 08:15:22"
"overcast clouds",04d,8,7,9,71,"2021-03-22 08:02:23"
"overcast clouds",04d,8,7,9,71,"2021-03-22 07:42:38"
"broken clouds",04d,8,7,8,71,"2021-03-22 07:30:02"
"broken clouds",04d,8,7,8,71,"2021-03-22 07:17:14"
"broken clouds",04d,8,7,8,71,"2021-03-22 07:02:02"
"broken clouds",04d,8,7,8,71,"2021-03-22 06:44:29"
"broken clouds",04d,8,7,8,71,"2021-03-22 06:32:25"
"broken clouds",04n,8,7,9,71,"2021-03-22 06:17:12"
"broken clouds",04n,8,7,8,81,"2021-03-22 06:02:24"
"broken clouds",04n,8,7,9,81,"2021-03-22 05:47:24"
"broken clouds",04n,8,7,9,76,"2021-03-22 05:30:03"
"broken clouds",04n,8,7,9,76,"2021-03-22 05:15:24"
"broken clouds",04n,8,8,9,76,"2021-03-22 05:01:31"
"broken clouds",04n,8,8,9,76,"2021-03-22 04:44:53"
"broken clouds",04n,8,8,8,76,"2021-03-22 04:31:36"
"broken clouds",04n,8,8,8,76,"2021-03-22 04:17:23"
"broken clouds",04n,8,8,9,76,"2021-03-22 04:01:52"
"broken clouds",04n,8,8,9,76,"2021-03-22 03:45:02"
"broken clouds",04n,8,8,9,76,"2021-03-22 03:27:38"
"broken clouds",04n,8,8,8,76,"2021-03-22 03:12:46"
"broken clouds",04n,8,8,9,76,"2021-03-22 02:57:57"
"broken clouds",04n,8,8,9,76,"2021-03-22 02:46:12"
"broken clouds",04n,8,8,9,76,"2021-03-22 02:32:22"
"broken clouds",04n,8,8,9,76,"2021-03-22 02:17:22"
"broken clouds",04n,8,8,8,76,"2021-03-22 02:02:21"
"broken clouds",04n,8,8,8,76,"2021-03-22 01:42:58"
"broken clouds",04n,8,8,8,76,"2021-03-22 01:29:32"
"broken clouds",04n,8,8,8,76,"2021-03-22 01:17:13"
"broken clouds",04n,8,8,9,76,"2021-03-22 01:00:28"
"broken clouds",04n,8,8,9,76,"2021-03-22 00:43:08"
"broken clouds",04n,8,8,9,81,"2021-03-22 00:31:21"
"broken clouds",04n,8,8,9,81,"2021-03-22 00:17:20"
"broken clouds",04n,8,8,8,81,"2021-03-21 23:59:22"
"broken clouds",04n,8,8,8,81,"2021-03-21 23:44:05"
"broken clouds",04n,8,8,8,81,"2021-03-21 23:22:23"
"broken clouds",04n,8,8,9,81,"2021-03-21 23:14:43"
"broken clouds",04n,8,8,9,81,"2021-03-21 23:00:04"
"broken clouds",04n,8,8,9,81,"2021-03-21 22:42:29"
"broken clouds",04n,8,8,9,81,"2021-03-21 22:32:19"
"broken clouds",04n,8,7,9,81,"2021-03-21 22:17:02"
"broken clouds",04n,8,8,9,81,"2021-03-21 21:58:29"
"broken clouds",04n,8,7,9,81,"2021-03-21 21:44:38"
"broken clouds",04n,8,7,9,81,"2021-03-21 21:32:19"
"broken clouds",04n,8,7,9,76,"2021-03-21 21:13:11"
"broken clouds",04n,8,7,9,76,"2021-03-21 20:59:23"
"broken clouds",04n,8,7,9,76,"2021-03-21 20:46:30"
"broken clouds",04n,8,7,9,76,"2021-03-21 20:28:50"
"broken clouds",04n,8,7,10,76,"2021-03-21 20:12:36"
"broken clouds",04n,8,7,10,76,"2021-03-21 19:59:53"
"broken clouds",04n,8,7,10,76,"2021-03-21 19:43:53"
"broken clouds",04n,8,7,10,71,"2021-03-21 19:29:52"
"broken clouds",04n,8,7,8,71,"2021-03-21 19:13:12"
"broken clouds",04n,8,7,8,71,"2021-03-21 18:57:49"
"broken clouds",04n,8,7,11,71,"2021-03-21 18:45:02"
"scattered clouds",03d,9,7,11,71,"2021-03-21 18:30:18"
"scattered clouds",03d,9,7,11,71,"2021-03-21 18:15:23"
"scattered clouds",03d,9,8,10,66,"2021-03-21 18:02:17"
"scattered clouds",03d,10,8,12,66,"2021-03-21 17:46:21"
"scattered clouds",03d,10,8,12,58,"2021-03-21 17:30:02"
"scattered clouds",03d,10,8,12,62,"2021-03-21 17:13:14"
"scattered clouds",03d,10,8,12,62,"2021-03-21 16:57:43"
"scattered clouds",03d,10,8,12,62,"2021-03-21 16:43:58"
"scattered clouds",03d,11,8,12,58,"2021-03-21 16:29:24"
"scattered clouds",03d,11,9,12,62,"2021-03-21 16:13:32"
"scattered clouds",03d,11,9,12,62,"2021-03-21 16:00:28"
"scattered clouds",03d,11,11,12,62,"2021-03-21 15:43:02"
"scattered clouds",03d,11,11,12,62,"2021-03-21 15:32:16"
"scattered clouds",03d,11,10,12,62,"2021-03-21 15:15:15"
"scattered clouds",03d,11,10,12,62,"2021-03-21 15:00:04"
"scattered clouds",03d,11,10,12,62,"2021-03-21 14:47:15"
"scattered clouds",03d,11,11,12,62,"2021-03-21 14:31:10"
"scattered clouds",03d,11,11,12,62,"2021-03-21 14:16:56"
"scattered clouds",03d,11,10,12,62,"2021-03-21 13:59:34"
"scattered clouds",03d,11,10,11,62,"2021-03-21 13:45:14"
"broken clouds",04d,11,10,12,66,"2021-03-21 13:31:01"
"broken clouds",04d,10,9,11,66,"2021-03-21 13:15:02"
"broken clouds",04d,10,9,11,66,"2021-03-21 13:02:14"
"broken clouds",04d,10,9,11,66,"2021-03-21 12:44:20"
"broken clouds",04d,10,9,11,66,"2021-03-21 12:32:14"
"broken clouds",04d,10,9,11,66,"2021-03-21 12:17:13"
"broken clouds",04d,9,8,10,71,"2021-03-21 11:58:17"
"broken clouds",04d,9,8,10,71,"2021-03-21 11:47:13"
"broken clouds",04d,9,8,10,76,"2021-03-21 11:32:13"
"broken clouds",04d,9,8,9,76,"2021-03-21 11:16:57"
"broken clouds",04d,9,8,9,71,"2021-03-21 10:57:14"
"broken clouds",04d,9,8,9,71,"2021-03-21 10:44:55"
"broken clouds",04d,9,8,9,71,"2021-03-21 10:30:02"
"broken clouds",04d,9,8,9,71,"2021-03-21 10:17:12"
"broken clouds",04d,8,8,9,76,"2021-03-21 10:02:00"
"broken clouds",04d,8,8,9,76,"2021-03-21 09:43:12"
"broken clouds",04d,8,8,9,81,"2021-03-21 09:27:28"
"broken clouds",04d,8,8,9,81,"2021-03-21 09:17:11"
"broken clouds",04d,8,7,9,81,"2021-03-21 09:00:32"
"broken clouds",04d,8,7,8,81,"2021-03-21 08:42:14"
"broken clouds",04d,7,7,8,87,"2021-03-21 08:27:51"
"broken clouds",04d,7,7,8,87,"2021-03-21 08:17:11"
"broken clouds",04d,7,6,8,93,"2021-03-21 07:59:28"
"broken clouds",04d,7,6,8,93,"2021-03-21 07:43:55"
"broken clouds",04d,7,6,8,100,"2021-03-21 07:28:40"
"broken clouds",04d,7,6,8,100,"2021-03-21 07:15:04"
"broken clouds",04d,7,6,8,100,"2021-03-21 06:58:07"
"broken clouds",04d,7,6,8,100,"2021-03-21 06:45:01"
"broken clouds",04d,7,6,8,100,"2021-03-21 06:27:38"
"broken clouds",04n,7,6,8,100,"2021-03-21 06:15:35"
"broken clouds",04n,7,6,8,100,"2021-03-21 06:01:14"
"broken clouds",04n,7,6,8,100,"2021-03-21 05:44:56"
"broken clouds",04n,7,7,8,93,"2021-03-21 05:32:09"
"light rain",10n,8,8,8,93,"2021-03-21 05:12:22"
"light rain",10n,8,8,8,93,"2021-03-21 05:02:09"
"light rain",10n,8,8,8,93,"2021-03-21 04:43:14"
"light rain",10n,8,8,8,93,"2021-03-21 04:31:02"
"light rain",10n,8,8,8,93,"2021-03-21 04:15:24"
"broken clouds",04n,8,7,8,87,"2021-03-21 03:59:24"
"broken clouds",04n,8,8,8,87,"2021-03-21 03:47:08"
"broken clouds",04n,8,7,9,87,"2021-03-21 03:30:02"
"broken clouds",04n,8,7,9,87,"2021-03-21 03:13:44"
"broken clouds",04n,8,7,9,87,"2021-03-21 03:02:07"
"broken clouds",04n,8,7,9,87,"2021-03-21 02:47:07"
"broken clouds",04n,8,7,9,87,"2021-03-21 02:29:23"
"broken clouds",04n,8,8,9,87,"2021-03-21 02:12:24"
"broken clouds",04n,8,8,9,87,"2021-03-21 01:59:22"
"broken clouds",04n,8,8,9,87,"2021-03-21 01:45:03"
"broken clouds",04n,8,8,9,87,"2021-03-21 01:31:55"
"broken clouds",04n,8,8,9,87,"2021-03-21 01:17:06"
"broken clouds",04n,8,8,9,87,"2021-03-21 01:00:02"
"broken clouds",04n,8,8,9,87,"2021-03-21 00:43:41"
"broken clouds",04n,8,8,9,87,"2021-03-21 00:32:06"
"broken clouds",04n,9,8,9,87,"2021-03-21 00:15:58"
"broken clouds",04n,9,8,9,87,"2021-03-21 00:02:05"
"broken clouds",04n,9,8,9,87,"2021-03-20 23:43:41"
"broken clouds",04n,8,8,9,87,"2021-03-20 23:30:02"
"broken clouds",04n,9,8,9,87,"2021-03-20 23:17:05"
"broken clouds",04n,9,8,9,81,"2021-03-20 22:58:50"
"broken clouds",04n,9,8,9,81,"2021-03-20 22:47:04"
"broken clouds",04n,9,8,9,81,"2021-03-20 22:27:55"
"broken clouds",04n,9,8,9,81,"2021-03-20 22:17:04"
"broken clouds",04n,9,8,10,81,"2021-03-20 22:02:03"
"broken clouds",04n,9,8,10,81,"2021-03-20 21:46:05"
"broken clouds",04n,9,8,10,81,"2021-03-20 21:32:03"
"broken clouds",04n,9,9,10,76,"2021-03-20 21:15:01"
"broken clouds",04n,9,9,10,76,"2021-03-20 20:57:28"
"broken clouds",04n,10,9,11,76,"2021-03-20 20:42:07"
"broken clouds",04n,10,9,11,76,"2021-03-20 20:31:51"
"broken clouds",04n,10,9,11,76,"2021-03-20 20:15:02"
"broken clouds",04n,10,9,11,76,"2021-03-20 20:00:09"
"broken clouds",04n,10,9,11,76,"2021-03-20 19:46:10"
"broken clouds",04n,10,9,11,76,"2021-03-20 19:32:02"
"scattered clouds",03n,10,8,11,81,"2021-03-20 19:12:38"
"scattered clouds",03n,10,8,11,81,"2021-03-20 18:57:51"
"scattered clouds",03n,10,8,11,81,"2021-03-20 18:46:11"
"scattered clouds",03d,11,9,12,81,"2021-03-20 18:30:02"
"scattered clouds",03d,11,9,12,81,"2021-03-20 18:13:36"
"broken clouds",04d,11,10,12,81,"2021-03-20 17:59:14"
"broken clouds",04d,11,10,12,81,"2021-03-20 17:45:47"
"broken clouds",04d,11,11,12,82,"2021-03-20 17:32:01"
"broken clouds",04d,12,12,12,76,"2021-03-20 17:15:02"
"broken clouds",04d,12,12,13,76,"2021-03-20 16:57:02"
"broken clouds",04d,12,12,13,76,"2021-03-20 16:43:58"
"broken clouds",04d,12,12,13,76,"2021-03-20 16:32:00"
"broken clouds",04d,12,12,12,76,"2021-03-20 16:13:34"
"broken clouds",04d,12,12,12,76,"2021-03-20 15:57:06"
"broken clouds",04d,12,12,12,76,"2021-03-20 15:46:56"
"broken clouds",04d,12,12,12,76,"2021-03-20 15:31:17"
"broken clouds",04d,12,12,13,76,"2021-03-20 15:13:14"
"broken clouds",04d,12,12,13,76,"2021-03-20 15:01:59"
"broken clouds",04d,12,12,12,76,"2021-03-20 14:45:02"
"broken clouds",04d,12,11,13,82,"2021-03-20 14:31:20"
"broken clouds",04d,12,11,13,82,"2021-03-20 14:16:59"
"broken clouds",04d,11,11,12,82,"2021-03-20 13:59:59"
"broken clouds",04d,11,11,11,82,"2021-03-20 13:44:24"
"broken clouds",04d,11,11,12,82,"2021-03-20 13:31:06"
"broken clouds",04d,12,11,12,82,"2021-03-20 13:14:21"
"broken clouds",04d,11,11,12,82,"2021-03-20 12:58:43"
"broken clouds",04d,11,11,12,82,"2021-03-20 12:43:21"
"broken clouds",04d,11,10,12,87,"2021-03-20 12:31:58"
"broken clouds",04d,11,10,12,87,"2021-03-20 12:16:57"
"broken clouds",04d,10,9,11,87,"2021-03-20 12:01:28"
"broken clouds",04d,10,10,11,87,"2021-03-20 11:43:10"
"broken clouds",04d,10,9,11,87,"2021-03-20 11:27:58"
"broken clouds",04d,10,9,11,87,"2021-03-20 11:15:03"
"broken clouds",04d,9,8,10,87,"2021-03-20 10:57:48"
"broken clouds",04d,9,8,10,87,"2021-03-20 10:42:47"
"broken clouds",04d,9,8,10,93,"2021-03-20 10:28:38"
"broken clouds",04d,9,8,9,93,"2021-03-20 10:13:48"
"broken clouds",04d,9,8,9,93,"2021-03-20 10:01:56"
"broken clouds",04d,9,8,9,93,"2021-03-20 09:45:03"
"broken clouds",04d,9,8,9,93,"2021-03-20 09:31:55"
"broken clouds",04d,9,8,9,93,"2021-03-20 09:15:04"
"broken clouds",04d,9,8,9,93,"2021-03-20 09:00:02"
"broken clouds",04d,9,8,9,93,"2021-03-20 08:42:48"
"broken clouds",04d,8,7,9,100,"2021-03-20 08:29:06"
"overcast clouds",04d,8,7,8,93,"2021-03-20 08:13:14"
"overcast clouds",04d,8,7,8,93,"2021-03-20 07:57:05"
"overcast clouds",04d,8,7,8,93,"2021-03-20 07:46:54"
"overcast clouds",04d,7,7,8,93,"2021-03-20 07:28:20"
"overcast clouds",04d,7,7,8,93,"2021-03-20 07:16:54"
"overcast clouds",04d,7,7,8,93,"2021-03-20 06:58:14"
"overcast clouds",04d,7,7,8,93,"2021-03-20 06:43:59"
"broken clouds",04d,7,6,8,100,"2021-03-20 06:31:53"
"broken clouds",04n,7,6,8,100,"2021-03-20 06:16:53"
"broken clouds",04n,7,6,8,93,"2021-03-20 05:59:04"
"broken clouds",04n,7,6,8,93,"2021-03-20 05:45:04"
"broken clouds",04n,7,6,8,93,"2021-03-20 05:26:57"
"broken clouds",04n,7,6,8,93,"2021-03-20 05:12:53"
"broken clouds",04n,7,6,8,93,"2021-03-20 04:59:03"
"broken clouds",04n,7,6,8,93,"2021-03-20 04:46:21"
"broken clouds",04n,7,6,8,93,"2021-03-20 04:27:18"
"broken clouds",04n,7,6,7,93,"2021-03-20 04:13:21"
"broken clouds",04n,7,6,8,93,"2021-03-20 03:58:14"
"broken clouds",04n,7,6,8,93,"2021-03-20 03:43:14"
"broken clouds",04n,7,6,8,93,"2021-03-20 03:31:51"
"broken clouds",04n,7,6,7,93,"2021-03-20 03:15:03"
"broken clouds",04n,7,6,7,93,"2021-03-20 02:59:22"
"broken clouds",04n,7,6,8,93,"2021-03-20 02:43:14"
"broken clouds",04n,7,6,8,93,"2021-03-20 02:31:01"
"broken clouds",04n,7,6,7,93,"2021-03-20 02:15:03"
"broken clouds",04n,7,6,8,93,"2021-03-20 02:01:50"
"broken clouds",04n,7,6,8,93,"2021-03-20 01:42:46"
"broken clouds",04n,6,6,7,100,"2021-03-20 01:30:03"
"broken clouds",04n,6,6,6,100,"2021-03-20 01:16:50"
"broken clouds",04n,6,5,6,100,"2021-03-20 01:01:49"
"broken clouds",04n,5,5,6,100,"2021-03-20 00:42:47"
"broken clouds",04n,5,5,6,100,"2021-03-20 00:30:07"
"scattered clouds",03n,5,3,8,100,"2021-03-20 00:12:58"
"scattered clouds",03n,5,3,8,100,"2021-03-19 23:57:40"
"scattered clouds",03n,5,3,8,100,"2021-03-19 23:46:20"
"clear sky",01n,5,3,7,93,"2021-03-19 23:27:29"
"clear sky",01n,5,3,7,93,"2021-03-19 23:15:01"
"clear sky",01n,5,1,7,100,"2021-03-19 23:01:48"
"few clouds",02n,5,2,7,100,"2021-03-19 22:42:07"
"few clouds",02n,5,2,7,100,"2021-03-19 22:28:56"
"few clouds",02n,5,2,7,100,"2021-03-19 22:15:02"
"few clouds",02n,5,3,7,100,"2021-03-19 21:58:27"
"few clouds",02n,5,3,7,100,"2021-03-19 21:46:47"
"few clouds",02n,5,4,7,93,"2021-03-19 21:29:21"
"few clouds",02n,5,4,7,93,"2021-03-19 21:15:37"
"few clouds",02n,6,4,8,87,"2021-03-19 20:57:24"
"few clouds",02n,6,4,8,87,"2021-03-19 20:45:02"
"few clouds",02n,6,6,8,87,"2021-03-19 20:28:54"
"few clouds",02n,7,6,8,87,"2021-03-19 20:14:14"
"few clouds",02n,7,6,8,87,"2021-03-19 20:00:05"
"few clouds",02n,7,6,8,87,"2021-03-19 19:43:08"
"few clouds",02n,7,6,8,81,"2021-03-19 19:31:47"
"few clouds",02n,8,7,11,81,"2021-03-19 19:12:32"
"few clouds",02n,8,7,11,81,"2021-03-19 19:01:46"
"few clouds",02n,9,7,11,76,"2021-03-19 18:41:56"
"few clouds",02d,9,8,11,76,"2021-03-19 18:27:29"
"few clouds",02d,10,9,12,76,"2021-03-19 18:11:52"
"few clouds",02d,10,9,12,76,"2021-03-19 18:01:45"
"few clouds",02d,10,9,12,76,"2021-03-19 17:43:03"
"few clouds",02d,10,9,12,76,"2021-03-19 17:31:45"
"few clouds",02d,11,10,12,71,"2021-03-19 17:11:46"
"few clouds",02d,11,10,12,71,"2021-03-19 17:01:43"
"few clouds",02d,11,10,12,71,"2021-03-19 16:42:30"
"few clouds",02d,11,10,11,76,"2021-03-19 16:31:44"
"few clouds",02d,11,11,12,76,"2021-03-19 16:16:44"
"few clouds",02d,11,10,12,76,"2021-03-19 16:01:44"
"few clouds",02d,11,11,12,76,"2021-03-19 15:46:43"
"scattered clouds",03d,12,10,12,76,"2021-03-19 15:30:10"
"scattered clouds",03d,12,11,13,71,"2021-03-19 15:15:03"
"scattered clouds",03d,12,10,13,71,"2021-03-19 14:58:53"
"scattered clouds",03d,12,11,13,71,"2021-03-19 14:43:30"
"scattered clouds",03d,11,11,12,76,"2021-03-19 14:27:50"
"scattered clouds",03d,11,10,12,76,"2021-03-19 14:16:43"
"broken clouds",04d,11,10,12,76,"2021-03-19 14:01:42"
"broken clouds",04d,11,10,12,76,"2021-03-19 13:43:14"
"broken clouds",04d,11,10,12,71,"2021-03-19 13:28:48"
"broken clouds",04d,11,10,11,76,"2021-03-19 13:12:35"
"broken clouds",04d,11,9,11,76,"2021-03-19 12:57:29"
"broken clouds",04d,11,9,12,76,"2021-03-19 12:46:41"
"broken clouds",04d,10,9,11,87,"2021-03-19 12:26:50"
"broken clouds",04d,10,9,11,87,"2021-03-19 12:13:47"
"broken clouds",04d,10,9,11,87,"2021-03-19 11:59:41"
"broken clouds",04d,10,9,11,87,"2021-03-19 11:44:30"
"broken clouds",04d,10,9,11,81,"2021-03-19 11:31:41"
"broken clouds",04d,9,8,11,87,"2021-03-19 11:15:04"
"broken clouds",04d,9,8,11,87,"2021-03-19 11:00:16"
"broken clouds",04d,9,8,11,87,"2021-03-19 10:46:00"
"broken clouds",04d,9,7,11,100,"2021-03-19 10:31:30"
"broken clouds",04d,9,7,11,93,"2021-03-19 10:11:49"
"broken clouds",04d,8,7,9,93,"2021-03-19 09:58:28"
"broken clouds",04d,8,7,10,93,"2021-03-19 09:46:40"
"broken clouds",04d,7,6,9,100,"2021-03-19 09:28:45"
"broken clouds",04d,7,6,8,100,"2021-03-19 09:13:44"
"broken clouds",04d,7,6,7,100,"2021-03-19 08:58:44"
"broken clouds",04d,7,6,7,100,"2021-03-19 08:45:58"
"broken clouds",04d,6,5,7,100,"2021-03-19 08:31:39"
"broken clouds",04d,6,5,7,100,"2021-03-19 08:13:43"
"broken clouds",04d,6,5,7,100,"2021-03-19 07:58:39"
"broken clouds",04d,6,5,7,100,"2021-03-19 07:45:48"
"scattered clouds",03d,6,5,7,100,"2021-03-19 07:31:11"
"scattered clouds",03d,6,5,7,100,"2021-03-19 07:16:38"
"few clouds",02d,6,3,7,100,"2021-03-19 07:00:48"
"few clouds",02d,6,3,7,100,"2021-03-19 06:44:26"
"few clouds",02n,6,4,7,93,"2021-03-19 06:27:48"
"few clouds",02n,6,4,7,93,"2021-03-19 06:14:18"
"few clouds",02n,6,4,7,93,"2021-03-19 05:58:16"
"few clouds",02n,6,4,7,93,"2021-03-19 05:46:37"
"few clouds",02n,6,4,8,93,"2021-03-19 05:29:06"
"few clouds",02n,6,4,8,93,"2021-03-19 05:16:36"
"few clouds",02n,7,5,8,93,"2021-03-19 05:01:36"
"few clouds",02n,7,5,8,93,"2021-03-19 04:43:51"
"few clouds",02n,6,5,8,93,"2021-03-19 04:27:27"
"few clouds",02n,7,5,8,93,"2021-03-19 04:16:36"
"few clouds",02n,7,5,9,93,"2021-03-19 04:01:35"
"few clouds",02n,7,5,9,93,"2021-03-19 03:43:39"
"few clouds",02n,8,6,9,93,"2021-03-19 03:27:51"
"few clouds",02n,8,6,9,93,"2021-03-19 03:16:35"
"few clouds",02n,8,7,9,87,"2021-03-19 02:58:38"
"few clouds",02n,8,7,9,87,"2021-03-19 02:42:57"
"scattered clouds",03n,8,7,9,93,"2021-03-19 02:31:34"
"scattered clouds",03n,9,7,9,93,"2021-03-19 02:16:34"
"broken clouds",04n,9,8,9,87,"2021-03-19 02:01:33"
"broken clouds",04n,9,8,9,87,"2021-03-19 01:42:45"
"scattered clouds",03n,9,8,9,93,"2021-03-19 01:30:31"
"scattered clouds",03n,9,8,9,93,"2021-03-19 01:13:07"
"scattered clouds",03n,9,8,9,93,"2021-03-19 01:00:04"
"scattered clouds",03n,9,8,9,93,"2021-03-19 00:46:32"
"broken clouds",04n,9,9,9,87,"2021-03-19 00:28:35"
"broken clouds",04n,9,9,9,87,"2021-03-19 00:16:32"
"scattered clouds",03n,9,9,9,87,"2021-03-19 00:01:31"
"scattered clouds",03n,9,9,10,87,"2021-03-18 23:43:35"
"scattered clouds",03n,9,8,10,93,"2021-03-18 23:30:03"
"scattered clouds",03n,9,8,10,93,"2021-03-18 23:12:03"
"scattered clouds",03n,9,8,10,93,"2021-03-18 23:01:31"
"scattered clouds",03n,9,8,10,93,"2021-03-18 22:43:56"
"scattered clouds",03n,9,9,10,87,"2021-03-18 22:28:33"
"scattered clouds",03n,10,9,11,87,"2021-03-18 22:13:33"
"scattered clouds",03n,10,9,11,87,"2021-03-18 22:01:30"
"scattered clouds",03n,10,9,11,87,"2021-03-18 21:42:14"
"scattered clouds",03n,10,10,11,82,"2021-03-18 21:28:32"
"broken clouds",04n,11,10,11,93,"2021-03-18 21:13:58"
"broken clouds",04n,11,10,11,93,"2021-03-18 20:56:49"
"broken clouds",04n,10,9,11,87,"2021-03-18 20:42:49"
"broken clouds",04n,11,10,12,87,"2021-03-18 20:30:01"
"broken clouds",04n,11,10,12,87,"2021-03-18 20:16:19"
"broken clouds",04n,11,9,12,87,"2021-03-18 20:00:06"
"broken clouds",04n,11,9,12,87,"2021-03-18 19:44:39"
"broken clouds",04n,11,11,12,82,"2021-03-18 19:31:27"
"broken clouds",04n,11,11,12,87,"2021-03-18 19:13:22"
"broken clouds",04n,12,11,12,87,"2021-03-18 18:58:30"
"few clouds",02n,12,12,12,82,"2021-03-18 18:42:51"
"broken clouds",04d,12,12,13,82,"2021-03-18 18:26:45"
"broken clouds",04d,13,12,13,82,"2021-03-18 18:15:22"
"broken clouds",04d,13,12,13,76,"2021-03-18 17:57:56"
"broken clouds",04d,13,12,13,76,"2021-03-18 17:43:45"
"broken clouds",04d,14,13,14,76,"2021-03-18 17:27:15"
"broken clouds",04d,14,13,14,82,"2021-03-18 17:14:06"
"broken clouds",04d,14,13,14,82,"2021-03-18 16:57:50"
"broken clouds",04d,14,13,14,82,"2021-03-18 16:46:26"
"broken clouds",04d,14,13,15,77,"2021-03-18 16:30:03"
"broken clouds",04d,14,13,15,77,"2021-03-18 16:16:25"
"broken clouds",04d,15,14,16,77,"2021-03-18 16:01:25"
"broken clouds",04d,15,14,16,72,"2021-03-18 15:42:17"
"broken clouds",04d,15,14,15,72,"2021-03-18 15:31:25"
"broken clouds",04d,14,13,15,77,"2021-03-18 15:13:53"
"broken clouds",04d,14,12,14,77,"2021-03-18 15:00:03"
"broken clouds",04d,14,12,14,77,"2021-03-18 14:45:10"
"broken clouds",04d,14,12,14,77,"2021-03-18 14:29:07"
"broken clouds",04d,13,12,14,82,"2021-03-18 14:13:25"
"broken clouds",04d,13,12,14,82,"2021-03-18 14:01:24"
"broken clouds",04d,13,12,14,82,"2021-03-18 13:44:11"
"broken clouds",04d,13,12,14,82,"2021-03-18 13:26:41"
"broken clouds",04d,12,12,13,82,"2021-03-18 13:14:29"
"broken clouds",04d,12,12,13,82,"2021-03-18 13:01:23"
"broken clouds",04d,12,11,13,82,"2021-03-18 12:45:11"
"broken clouds",04d,12,11,12,82,"2021-03-18 12:28:24"
"broken clouds",04d,11,11,12,87,"2021-03-18 12:13:41"
"broken clouds",04d,11,11,12,87,"2021-03-18 11:59:11"
"broken clouds",04d,11,10,12,87,"2021-03-18 11:46:22"
"broken clouds",04d,11,10,11,93,"2021-03-18 11:27:54"
"broken clouds",04d,10,9,11,93,"2021-03-18 11:16:22"
"broken clouds",04d,10,9,11,93,"2021-03-18 10:57:22"
"broken clouds",04d,10,9,11,93,"2021-03-18 10:42:32"
"broken clouds",04d,10,9,11,93,"2021-03-18 10:26:47"
"broken clouds",04d,10,9,11,93,"2021-03-18 10:16:21"
"broken clouds",04d,9,9,10,93,"2021-03-18 09:57:21"
"broken clouds",04d,9,9,10,93,"2021-03-18 09:45:25"
"broken clouds",04d,9,9,9,93,"2021-03-18 09:28:22"
"broken clouds",04d,9,8,9,93,"2021-03-18 09:13:14"
"broken clouds",04d,9,8,9,93,"2021-03-18 08:57:56"
"broken clouds",04d,8,8,9,93,"2021-03-18 08:41:47"
"broken clouds",04d,8,8,9,93,"2021-03-18 08:27:47"
"broken clouds",04d,8,8,9,93,"2021-03-18 08:15:02"
"broken clouds",04d,8,8,9,93,"2021-03-18 07:57:54"
"broken clouds",04d,8,8,9,93,"2021-03-18 07:42:54"
"broken clouds",04d,8,8,9,93,"2021-03-18 07:27:51"
"broken clouds",04d,9,8,9,93,"2021-03-18 07:16:01"
"broken clouds",04d,9,8,9,93,"2021-03-18 07:00:09"
"broken clouds",04d,9,8,9,93,"2021-03-18 06:42:02"
"broken clouds",04n,9,8,9,93,"2021-03-18 06:31:19"
"broken clouds",04n,9,8,9,93,"2021-03-18 06:14:29"
"broken clouds",04n,9,8,9,93,"2021-03-18 05:57:53"
"broken clouds",04n,9,8,9,100,"2021-03-18 05:42:09"
"broken clouds",04n,9,8,9,100,"2021-03-18 05:31:13"
"broken clouds",04n,9,8,9,100,"2021-03-18 05:16:18"
"light intensity drizzle",09n,9,8,9,100,"2021-03-18 04:57:27"
"light intensity drizzle",09n,9,8,9,93,"2021-03-18 04:42:22"
"light intensity drizzle",09n,9,8,9,93,"2021-03-18 04:28:17"
"light intensity drizzle",09n,9,8,9,93,"2021-03-18 04:16:18"
"broken clouds",04n,9,9,9,93,"2021-03-18 04:01:17"
"broken clouds",04n,9,9,9,93,"2021-03-18 03:42:19"
"broken clouds",04n,9,9,9,93,"2021-03-18 03:26:31"
"broken clouds",04n,9,9,9,93,"2021-03-18 03:16:17"
"broken clouds",04n,9,9,9,93,"2021-03-18 03:01:16"
"broken clouds",04n,9,9,9,93,"2021-03-18 02:45:03"
"broken clouds",04n,9,9,9,93,"2021-03-18 02:27:32"
"broken clouds",04n,9,9,9,93,"2021-03-18 02:15:55"
"broken clouds",04n,9,9,9,93,"2021-03-18 02:00:03"
"broken clouds",04n,9,9,9,93,"2021-03-18 01:45:49"
"broken clouds",04n,9,9,10,93,"2021-03-18 01:27:37"
"broken clouds",04n,10,9,10,93,"2021-03-18 01:15:03"
"broken clouds",04n,10,9,10,87,"2021-03-18 01:01:14"
"broken clouds",04n,10,9,10,87,"2021-03-18 00:45:03"
"broken clouds",04n,10,9,10,87,"2021-03-18 00:28:12"
"broken clouds",04n,9,9,10,87,"2021-03-18 00:12:28"
"broken clouds",04n,9,9,10,87,"2021-03-17 23:57:22"
"broken clouds",04n,10,9,11,87,"2021-03-17 23:43:40"
"broken clouds",04n,9,9,10,87,"2021-03-17 23:29:04"
"broken clouds",04n,10,9,10,81,"2021-03-17 23:13:11"
"broken clouds",04n,10,9,10,81,"2021-03-17 22:56:27"
"broken clouds",04n,10,9,11,81,"2021-03-17 22:45:47"
"broken clouds",04n,10,9,11,81,"2021-03-17 22:27:21"
"broken clouds",04n,10,9,11,81,"2021-03-17 22:13:10"
"broken clouds",04n,10,9,11,81,"2021-03-17 22:01:14"
"broken clouds",04n,9,8,11,81,"2021-03-17 21:42:38"
"broken clouds",04n,9,8,11,81,"2021-03-17 21:27:49"
"broken clouds",04n,10,8,11,81,"2021-03-17 21:16:13"
"broken clouds",04n,10,9,11,76,"2021-03-17 20:56:34"
"broken clouds",04n,10,9,11,76,"2021-03-17 20:43:24"
"broken clouds",04n,10,10,11,71,"2021-03-17 20:30:55"
"broken clouds",04n,11,10,12,71,"2021-03-17 20:15:02"
"broken clouds",04n,11,10,12,71,"2021-03-17 20:00:40"
"broken clouds",04n,11,10,12,71,"2021-03-17 19:46:12"
"broken clouds",04n,11,10,12,62,"2021-03-17 19:28:32"
"broken clouds",04n,11,10,12,62,"2021-03-17 19:16:12"
"broken clouds",04n,12,11,12,58,"2021-03-17 19:01:11"
"broken clouds",04n,12,11,12,58,"2021-03-17 18:45:02"
"scattered clouds",03d,12,11,12,54,"2021-03-17 18:28:06"
"scattered clouds",03d,12,11,12,54,"2021-03-17 18:15:38"
"scattered clouds",03d,12,11,13,50,"2021-03-17 18:01:11"
"scattered clouds",03d,12,11,13,50,"2021-03-17 17:45:48"
"scattered clouds",03d,13,12,13,50,"2021-03-17 17:29:22"
"scattered clouds",03d,13,12,13,50,"2021-03-17 17:16:10"
"clear sky",01d,13,13,13,50,"2021-03-17 17:01:10"
"scattered clouds",03d,13,12,14,43,"2021-03-17 16:45:41"
"scattered clouds",03d,13,13,14,50,"2021-03-17 16:28:04"
"scattered clouds",03d,14,13,14,47,"2021-03-17 16:11:33"
"scattered clouds",03d,14,13,14,47,"2021-03-17 15:58:47"
"scattered clouds",03d,13,13,14,47,"2021-03-17 15:45:43"
"scattered clouds",03d,13,13,14,50,"2021-03-17 15:31:09"
"scattered clouds",03d,13,11,14,62,"2021-03-17 15:12:52"
"scattered clouds",03d,13,12,13,62,"2021-03-17 14:59:25"
"scattered clouds",03d,13,12,13,58,"2021-03-17 14:41:24"
"scattered clouds",03d,12,11,13,58,"2021-03-17 14:26:18"
"scattered clouds",03d,12,11,13,58,"2021-03-17 14:12:30"
"scattered clouds",03d,12,11,13,58,"2021-03-17 14:01:08"
"scattered clouds",03d,12,11,13,58,"2021-03-17 13:46:07"
"scattered clouds",03d,12,11,13,62,"2021-03-17 13:26:58"
"broken clouds",04d,12,10,13,71,"2021-03-17 13:13:16"
"broken clouds",04d,12,10,13,71,"2021-03-17 12:59:23"
"broken clouds",04d,11,10,12,71,"2021-03-17 12:41:49"
"broken clouds",04d,11,10,12,71,"2021-03-17 12:29:22"
"broken clouds",04d,11,10,12,71,"2021-03-17 12:12:59"
"broken clouds",04d,11,10,12,71,"2021-03-17 12:00:03"
"broken clouds",04d,10,10,11,71,"2021-03-17 11:45:28"
"broken clouds",04d,10,9,11,81,"2021-03-17 11:27:51"
"broken clouds",04d,9,8,11,87,"2021-03-17 11:12:58"
"broken clouds",04d,9,8,11,87,"2021-03-17 11:01:06"
"broken clouds",04d,9,8,11,87,"2021-03-17 10:45:03"
"broken clouds",04d,9,8,10,81,"2021-03-17 10:29:57"
"broken clouds",04d,9,7,9,87,"2021-03-17 10:11:44"
"broken clouds",04d,9,7,9,87,"2021-03-17 10:01:05"
"broken clouds",04d,9,7,10,87,"2021-03-17 09:43:43"
"broken clouds",04d,8,5,10,87,"2021-03-17 09:29:48"
"broken clouds",04d,7,4,9,87,"2021-03-17 09:13:51"
"broken clouds",04d,7,4,9,87,"2021-03-17 09:01:04"
"clear sky",01d,6,4,8,87,"2021-03-17 08:41:34"
"clear sky",01d,6,4,7,87,"2021-03-17 08:27:42"
"clear sky",01d,5,2,8,93,"2021-03-17 08:13:38"
"clear sky",01d,5,2,7,93,"2021-03-17 08:00:09"
"clear sky",01d,5,2,6,93,"2021-03-17 07:45:02"
"clear sky",01d,4,2,6,93,"2021-03-17 07:31:04"
"clear sky",01d,5,4,6,93,"2021-03-17 07:12:53"
"clear sky",01d,4,4,6,93,"2021-03-17 06:57:52"
"clear sky",01d,4,4,6,93,"2021-03-17 06:42:52"
"clear sky",01n,4,3,6,93,"2021-03-17 06:29:42"
"clear sky",01n,4,3,6,93,"2021-03-17 06:13:24"
"clear sky",01n,4,3,6,93,"2021-03-17 05:57:12"
"clear sky",01n,4,2,6,93,"2021-03-17 05:44:30"
"clear sky",01n,4,2,6,93,"2021-03-17 05:27:47"
"clear sky",01n,4,2,6,93,"2021-03-17 05:16:02"
"clear sky",01n,4,3,6,93,"2021-03-17 05:00:31"
"clear sky",01n,4,1,6,93,"2021-03-17 04:46:02"
"clear sky",01n,4,4,6,87,"2021-03-17 04:31:01"
"clear sky",01n,5,4,6,87,"2021-03-17 04:12:49"
"clear sky",01n,5,5,7,87,"2021-03-17 03:57:49"
"clear sky",01n,5,5,6,87,"2021-03-17 03:44:36"
"clear sky",01n,5,4,6,87,"2021-03-17 03:27:48"
"clear sky",01n,6,4,7,93,"2021-03-17 03:13:50"
"clear sky",01n,6,4,7,93,"2021-03-17 02:59:09"
"clear sky",01n,5,2,6,93,"2021-03-17 02:41:45"
"clear sky",01n,5,4,7,93,"2021-03-17 02:26:07"
"clear sky",01n,5,2,6,93,"2021-03-17 02:15:35"
"clear sky",01n,5,3,6,87,"2021-03-17 01:58:43"
"clear sky",01n,5,3,6,87,"2021-03-17 01:42:46"
"clear sky",01n,5,3,6,93,"2021-03-17 01:30:04"
"clear sky",01n,5,3,6,93,"2021-03-17 01:15:09"
"clear sky",01n,6,4,7,93,"2021-03-17 00:57:46"
"clear sky",01n,6,4,7,93,"2021-03-17 00:43:39"
"clear sky",01n,6,5,7,87,"2021-03-17 00:29:56"
"clear sky",01n,6,5,7,87,"2021-03-17 00:15:59"
"clear sky",01n,6,5,7,87,"2021-03-17 00:00:17"
"clear sky",01n,6,5,7,87,"2021-03-16 23:45:11"
"clear sky",01n,6,6,7,87,"2021-03-16 23:30:59"
"clear sky",01n,7,7,8,81,"2021-03-16 23:13:44"
"clear sky",01n,7,7,8,81,"2021-03-16 23:00:33"
"clear sky",01n,8,7,8,81,"2021-03-16 22:43:02"
"clear sky",01n,7,6,8,81,"2021-03-16 22:30:58"
"clear sky",01n,7,6,9,81,"2021-03-16 22:15:58"
"clear sky",01n,7,6,9,87,"2021-03-16 22:00:57"
"clear sky",01n,8,7,9,81,"2021-03-16 21:41:25"
"clear sky",01n,8,7,9,81,"2021-03-16 21:26:11"
"clear sky",01n,8,6,9,81,"2021-03-16 21:15:03"
"clear sky",01n,7,6,10,81,"2021-03-16 20:59:34"
"clear sky",01n,7,6,10,81,"2021-03-16 20:44:09"
"clear sky",01n,8,6,10,81,"2021-03-16 20:30:56"
"clear sky",01n,9,6,11,81,"2021-03-16 20:15:56"
"clear sky",01n,9,7,11,76,"2021-03-16 19:58:21"
"clear sky",01n,9,7,11,76,"2021-03-16 19:43:00"
"clear sky",01n,9,7,11,76,"2021-03-16 19:30:18"
"clear sky",01n,11,10,12,71,"2021-03-16 19:15:14"
"clear sky",01n,11,10,12,71,"2021-03-16 19:00:04"
"clear sky",01n,11,10,12,71,"2021-03-16 18:45:55"
"clear sky",01d,12,11,13,71,"2021-03-16 18:30:02"
"clear sky",01d,12,11,13,71,"2021-03-16 18:15:54"
"clear sky",01d,13,12,14,62,"2021-03-16 17:59:35"
"clear sky",01d,13,13,14,58,"2021-03-16 17:41:58"
"clear sky",01d,13,13,14,58,"2021-03-16 17:30:04"
"clear sky",01d,14,13,14,62,"2021-03-16 17:14:53"
"clear sky",01d,14,13,14,62,"2021-03-16 16:58:04"
"clear sky",01d,14,13,14,62,"2021-03-16 16:42:36"
"clear sky",01d,14,13,14,62,"2021-03-16 16:27:36"
"clear sky",01d,14,13,14,62,"2021-03-16 16:15:53"
"clear sky",01d,14,13,14,58,"2021-03-16 15:55:57"
"clear sky",01d,14,13,14,58,"2021-03-16 15:44:31"
"clear sky",01d,14,13,14,58,"2021-03-16 15:28:29"
"clear sky",01d,14,13,14,58,"2021-03-16 15:15:53"
"few clouds",02d,14,13,14,62,"2021-03-16 14:57:50"
"few clouds",02d,14,13,14,62,"2021-03-16 14:44:36"
"few clouds",02d,14,13,14,58,"2021-03-16 14:29:03"
"few clouds",02d,14,13,14,58,"2021-03-16 14:15:52"
"few clouds",02d,14,13,14,62,"2021-03-16 13:57:20"
"few clouds",02d,14,13,14,62,"2021-03-16 13:42:59"
"few clouds",02d,14,13,14,62,"2021-03-16 13:26:34"
"few clouds",02d,14,13,14,58,"2021-03-16 13:15:25"
"few clouds",02d,14,13,14,58,"2021-03-16 13:00:51"
"few clouds",02d,13,12,14,58,"2021-03-16 12:45:51"
"few clouds",02d,13,12,14,62,"2021-03-16 12:28:08"
"scattered clouds",03d,13,12,14,62,"2021-03-16 12:15:02"
"scattered clouds",03d,13,12,14,62,"2021-03-16 11:55:51"
"scattered clouds",03d,13,11,14,62,"2021-03-16 11:45:50"
"scattered clouds",03d,12,11,13,76,"2021-03-16 11:28:34"
"scattered clouds",03d,12,11,13,76,"2021-03-16 11:15:49"
"broken clouds",04d,12,11,13,87,"2021-03-16 11:00:03"
"broken clouds",04d,11,11,12,87,"2021-03-16 10:43:23"
"light intensity drizzle",09d,11,11,12,87,"2021-03-16 10:27:21"
"light intensity drizzle",09d,11,11,12,87,"2021-03-16 10:12:32"
"light intensity drizzle",09d,11,11,12,87,"2021-03-16 09:57:31"
"light intensity drizzle",09d,11,10,12,87,"2021-03-16 09:41:39"
"light intensity drizzle",09d,11,11,11,87,"2021-03-16 09:30:48"
"light intensity drizzle",09d,11,10,12,87,"2021-03-16 09:15:48"
"broken clouds",04d,11,11,11,87,"2021-03-16 08:56:23"
"broken clouds",04d,11,10,12,87,"2021-03-16 08:42:43"
"broken clouds",04d,11,10,12,100,"2021-03-16 08:30:47"
"broken clouds",04d,11,10,12,93,"2021-03-16 08:13:58"
"broken clouds",04d,10,10,11,93,"2021-03-16 08:00:47"
"broken clouds",04d,10,10,11,93,"2021-03-16 07:45:46"
"light intensity drizzle",09d,10,10,11,93,"2021-03-16 07:30:01"
"light intensity drizzle",09d,10,10,11,93,"2021-03-16 07:11:27"
"light intensity drizzle",09d,10,10,11,93,"2021-03-16 07:00:08"
"light intensity drizzle",09d,10,10,11,93,"2021-03-16 06:45:46"
"light intensity drizzle",09n,10,10,11,93,"2021-03-16 06:26:01"
"light intensity drizzle",09n,10,10,11,93,"2021-03-16 06:11:27"
"light intensity drizzle",09n,10,10,11,93,"2021-03-16 05:55:49"
"light intensity drizzle",09n,10,10,11,93,"2021-03-16 05:42:16"
"light intensity drizzle",09n,10,10,11,93,"2021-03-16 05:30:45"
"broken clouds",04n,10,10,11,93,"2021-03-16 05:14:43"
"light rain",10n,10,10,10,93,"2021-03-16 05:00:03"
"broken clouds",04n,10,10,10,93,"2021-03-16 04:45:44"
"broken clouds",04n,10,10,10,93,"2021-03-16 04:27:21"
"broken clouds",04n,10,10,10,93,"2021-03-16 04:15:44"
"light rain",10n,10,9,10,100,"2021-03-16 04:00:44"
"broken clouds",04n,10,9,10,100,"2021-03-16 03:42:25"
"light rain",10n,10,9,10,93,"2021-03-16 03:29:25"
"light rain",10n,10,9,11,87,"2021-03-16 03:12:24"
"light rain",10n,10,9,10,87,"2021-03-16 03:00:43"
"light rain",10n,10,9,10,87,"2021-03-16 02:45:42"
"broken clouds",04n,10,9,10,87,"2021-03-16 02:30:03"
"broken clouds",04n,10,9,10,87,"2021-03-16 02:15:42"
"broken clouds",04n,10,9,10,93,"2021-03-16 01:57:22"
"broken clouds",04n,10,9,10,93,"2021-03-16 01:44:17"
"broken clouds",04n,10,9,10,93,"2021-03-16 01:30:03"
"broken clouds",04n,10,9,10,93,"2021-03-16 01:15:41"
"broken clouds",04n,10,9,10,93,"2021-03-16 00:57:05"
"broken clouds",04n,10,9,10,93,"2021-03-16 00:45:29"
"broken clouds",04n,10,9,11,93,"2021-03-16 00:25:55"
"broken clouds",04n,10,9,11,93,"2021-03-16 00:12:23"
"broken clouds",04n,10,9,11,93,"2021-03-16 00:00:41"
"broken clouds",04n,10,10,11,87,"2021-03-15 23:41:45"
"broken clouds",04n,10,10,11,87,"2021-03-15 23:30:40"
"broken clouds",04n,11,10,11,87,"2021-03-15 23:11:37"
"broken clouds",04n,11,10,11,87,"2021-03-15 23:00:40"
"broken clouds",04n,11,10,11,87,"2021-03-15 22:45:39"
"broken clouds",04n,11,10,11,93,"2021-03-15 22:30:01"
"broken clouds",04n,11,10,11,87,"2021-03-15 22:11:28"
"broken clouds",04n,11,10,11,87,"2021-03-15 22:00:04"
"broken clouds",04n,11,10,11,87,"2021-03-15 21:45:39"
"light intensity drizzle",09n,11,10,12,93,"2021-03-15 21:25:47"
"light intensity drizzle",09n,11,10,12,93,"2021-03-15 21:15:38"
"broken clouds",04n,11,11,12,93,"2021-03-15 20:57:16"
"broken clouds",04n,12,11,12,87,"2021-03-15 20:40:48"
"broken clouds",04n,12,11,12,87,"2021-03-15 20:26:22"
"broken clouds",04n,12,11,12,87,"2021-03-15 20:15:37"
"broken clouds",04n,12,12,13,87,"2021-03-15 19:59:20"
"broken clouds",04n,12,12,13,87,"2021-03-15 19:42:14"
"broken clouds",04n,12,12,13,87,"2021-03-15 19:29:31"
"broken clouds",04n,12,12,13,87,"2021-03-15 19:13:14"
"broken clouds",04n,12,12,13,87,"2021-03-15 19:00:37"
"broken clouds",04n,12,12,12,87,"2021-03-15 18:42:44"
"broken clouds",04n,12,12,13,87,"2021-03-15 18:30:36"
"broken clouds",04d,13,12,13,87,"2021-03-15 18:11:51"
"broken clouds",04d,13,12,13,87,"2021-03-15 17:56:33"
"broken clouds",04d,13,12,13,82,"2021-03-15 17:41:05"
"broken clouds",04d,13,12,13,82,"2021-03-15 17:30:06"
"broken clouds",04d,13,12,13,82,"2021-03-15 17:15:36"
"scattered clouds",03d,13,12,13,82,"2021-03-15 16:56:11"
"scattered clouds",03d,13,12,13,82,"2021-03-15 16:44:04"
"scattered clouds",03d,13,12,13,87,"2021-03-15 16:29:14"
"broken clouds",04d,12,11,13,87,"2021-03-15 16:13:02"
"broken clouds",04d,12,11,13,87,"2021-03-15 15:58:23"
"broken clouds",04d,12,11,13,87,"2021-03-15 15:41:14"
"broken clouds",04d,12,12,13,87,"2021-03-15 15:28:45"
"broken clouds",04d,12,11,13,93,"2021-03-15 15:13:39"
"broken clouds",04d,12,11,12,93,"2021-03-15 14:59:02"
"broken clouds",04d,12,11,12,87,"2021-03-15 14:42:09"
"broken clouds",04d,12,11,12,87,"2021-03-15 14:30:34"
"broken clouds",04d,12,11,12,87,"2021-03-15 14:12:38"
"broken clouds",04d,11,11,12,87,"2021-03-15 13:58:25"
"broken clouds",04d,11,11,12,87,"2021-03-15 13:41:02"
"broken clouds",04d,11,11,12,87,"2021-03-15 13:29:05"
"broken clouds",04d,11,10,12,87,"2021-03-15 13:14:38"
"broken clouds",04d,11,10,12,87,"2021-03-15 12:57:28"
"broken clouds",04d,11,10,12,87,"2021-03-15 12:43:15"
"broken clouds",04d,11,10,11,87,"2021-03-15 12:25:33"
"broken clouds",04d,11,10,12,82,"2021-03-15 12:11:18"
"broken clouds",04d,10,10,11,82,"2021-03-15 11:59:30"
"broken clouds",04d,11,10,12,82,"2021-03-15 11:42:50"
"broken clouds",04d,11,10,12,82,"2021-03-15 11:30:32"
"broken clouds",04d,11,9,11,82,"2021-03-15 11:15:32"
"broken clouds",04d,10,10,11,81,"2021-03-15 10:59:22"
"broken clouds",04d,10,10,11,87,"2021-03-15 10:41:44"
"broken clouds",04d,10,9,11,87,"2021-03-15 10:27:05"
"broken clouds",04d,10,9,11,87,"2021-03-15 10:15:31"
"broken clouds",04d,10,9,11,87,"2021-03-15 10:00:31"
"broken clouds",04d,9,9,10,87,"2021-03-15 09:45:31"
"broken clouds",04d,9,9,10,87,"2021-03-15 09:30:30"
"broken clouds",04d,9,9,9,87,"2021-03-15 09:15:30"
"broken clouds",04d,9,8,9,93,"2021-03-15 08:58:37"
"broken clouds",04d,9,8,9,93,"2021-03-15 08:45:30"
"scattered clouds",03d,8,7,9,93,"2021-03-15 08:30:29"
"scattered clouds",03d,7,6,8,93,"2021-03-15 08:12:02"
"scattered clouds",03d,7,6,8,93,"2021-03-15 07:59:20"
"scattered clouds",03d,7,6,8,93,"2021-03-15 07:45:29"
"scattered clouds",03d,7,6,8,93,"2021-03-15 07:30:28"
"scattered clouds",03d,7,6,8,93,"2021-03-15 07:15:28"
"scattered clouds",03d,7,6,8,93,"2021-03-15 07:00:28"
"scattered clouds",03d,7,6,8,93,"2021-03-15 06:45:27"
"scattered clouds",03n,7,6,8,93,"2021-03-15 06:26:59"
"broken clouds",04n,7,7,7,93,"2021-03-15 06:11:59"
"broken clouds",04n,7,7,8,93,"2021-03-15 06:00:26"
"broken clouds",04n,7,7,8,93,"2021-03-15 05:43:09"
"broken clouds",04n,7,7,8,93,"2021-03-15 05:27:51"
"broken clouds",04n,8,7,8,87,"2021-03-15 05:13:57"
"broken clouds",04n,8,8,8,87,"2021-03-15 05:00:25"
"broken clouds",04n,8,8,8,87,"2021-03-15 04:43:08"
"broken clouds",04n,8,8,8,87,"2021-03-15 04:30:03"
"broken clouds",04n,8,8,8,87,"2021-03-15 04:15:03"
"broken clouds",04n,8,8,8,93,"2021-03-15 04:00:25"
"broken clouds",04n,8,8,8,93,"2021-03-15 03:45:20"
"broken clouds",04n,8,8,8,93,"2021-03-15 03:30:19"
"broken clouds",04n,8,8,9,93,"2021-03-15 03:14:08"
"broken clouds",04n,8,8,8,93,"2021-03-15 02:59:31"
"broken clouds",04n,8,8,8,93,"2021-03-15 02:45:19"
"light intensity drizzle",09n,8,8,8,93,"2021-03-15 02:30:03"
"light intensity drizzle",09n,8,8,8,93,"2021-03-15 02:15:18"
"light intensity drizzle",09n,8,8,8,93,"2021-03-15 01:58:18"
"light intensity drizzle",09n,8,8,8,93,"2021-03-15 01:44:45"
"broken clouds",04n,8,8,8,93,"2021-03-15 01:27:30"
"broken clouds",04n,8,8,9,93,"2021-03-15 01:11:56"
"broken clouds",04n,9,8,9,93,"2021-03-15 00:58:11"
"broken clouds",04n,9,8,9,93,"2021-03-15 00:45:17"
"broken clouds",04n,9,8,9,93,"2021-03-15 00:29:21"
"overcast clouds",04n,9,9,9,87,"2021-03-15 00:15:17"
"broken clouds",04n,9,9,9,87,"2021-03-14 23:56:52"
"broken clouds",04n,9,9,9,81,"2021-03-14 23:41:52"
"broken clouds",04n,9,9,9,81,"2021-03-14 23:30:16"
"broken clouds",04n,9,9,9,81,"2021-03-14 23:14:06"
"broken clouds",04n,9,9,9,81,"2021-03-14 23:00:15"
"broken clouds",04n,9,9,9,81,"2021-03-14 22:45:02"
"broken clouds",04n,9,9,9,81,"2021-03-14 22:25:28"
"broken clouds",04n,9,9,9,81,"2021-03-14 22:15:15"
"broken clouds",04n,9,9,9,81,"2021-03-14 21:56:52"
"broken clouds",04n,9,9,10,81,"2021-03-14 21:43:42"
"broken clouds",04n,9,9,9,81,"2021-03-14 21:30:03"
"broken clouds",04n,9,9,9,81,"2021-03-14 21:13:48"
"broken clouds",04n,9,9,9,81,"2021-03-14 20:59:14"
"broken clouds",04n,9,9,10,81,"2021-03-14 20:45:03"
"broken clouds",04n,9,9,10,81,"2021-03-14 20:25:16"
"broken clouds",04n,9,9,10,81,"2021-03-14 20:12:28"
"broken clouds",04n,9,9,10,81,"2021-03-14 20:00:14"
"scattered clouds",03n,9,9,10,81,"2021-03-14 19:40:43"
"scattered clouds",03n,10,9,10,81,"2021-03-14 19:30:03"
"broken clouds",04n,10,9,11,81,"2021-03-14 19:10:38"
"broken clouds",04n,10,10,11,81,"2021-03-14 18:56:57"
"broken clouds",04n,10,10,11,81,"2021-03-14 18:45:13"
"broken clouds",04n,10,9,11,81,"2021-03-14 18:26:47"
"light intensity drizzle",09d,10,9,11,81,"2021-03-14 18:11:12"
"light intensity drizzle",09d,10,10,11,81,"2021-03-14 17:58:31"
"light intensity drizzle",09d,10,10,11,81,"2021-03-14 17:43:28"
"broken clouds",04d,10,10,11,81,"2021-03-14 17:26:32"
"broken clouds",04d,11,10,11,81,"2021-03-14 17:15:12"
"broken clouds",04d,11,10,11,81,"2021-03-14 17:00:12"
"broken clouds",04d,11,10,11,81,"2021-03-14 16:41:46"
"broken clouds",04d,11,10,11,81,"2021-03-14 16:30:03"
"broken clouds",04d,11,10,11,81,"2021-03-14 16:15:11"
"broken clouds",04d,10,10,11,81,"2021-03-14 15:55:47"
"broken clouds",04d,10,10,11,81,"2021-03-14 15:44:40"
"broken clouds",04d,10,10,11,81,"2021-03-14 15:30:11"
"broken clouds",04d,10,9,11,81,"2021-03-14 15:13:42"
"light rain",10d,10,10,11,81,"2021-03-14 15:00:10"
"broken clouds",04d,10,9,11,81,"2021-03-14 14:45:09"
"light rain",10d,10,9,10,81,"2021-03-14 14:30:02"
"light rain",10d,9,8,10,87,"2021-03-14 14:15:09"
"broken clouds",04d,9,8,9,87,"2021-03-14 13:58:06"
"broken clouds",04d,9,8,10,87,"2021-03-14 13:44:01"
"broken clouds",04d,9,8,9,93,"2021-03-14 13:25:09"
"light intensity drizzle",09d,8,7,9,87,"2021-03-14 13:15:08"
"light rain",10d,8,7,9,87,"2021-03-14 12:58:56"
"light intensity drizzle",09d,8,7,9,87,"2021-03-14 12:45:03"
"light intensity drizzle",09d,8,7,9,93,"2021-03-14 12:27:47"
"light rain",10d,7,6,8,87,"2021-03-14 12:14:46"
"broken clouds",04d,7,7,8,87,"2021-03-14 11:58:18"
"broken clouds",04d,7,6,8,87,"2021-03-14 11:45:03"
"light rain",10d,7,6,7,87,"2021-03-14 11:26:21"
"moderate rain",10d,7,7,7,76,"2021-03-14 11:15:07"
"light rain",10d,7,6,7,87,"2021-03-14 10:56:43"
"light rain",10d,7,7,7,76,"2021-03-14 10:40:11"
"light rain",10d,7,7,8,76,"2021-03-14 10:25:13"
"light rain",10d,7,6,8,76,"2021-03-14 10:12:26"
"broken clouds",04d,7,6,8,76,"2021-03-14 09:55:48"
"broken clouds",04d,7,6,8,76,"2021-03-14 09:45:03"
"broken clouds",04d,6,5,8,81,"2021-03-14 09:29:24"
"overcast clouds",04d,6,5,7,87,"2021-03-14 09:14:39"
"overcast clouds",04d,6,5,7,87,"2021-03-14 08:58:03"
"overcast clouds",04d,6,5,7,87,"2021-03-14 08:43:25"
"broken clouds",04d,5,4,6,87,"2021-03-14 08:25:54"
"broken clouds",04d,5,4,6,93,"2021-03-14 08:11:39"
"broken clouds",04d,5,4,6,93,"2021-03-14 08:00:03"
"broken clouds",04d,5,4,6,93,"2021-03-14 07:44:57"
"broken clouds",04d,5,4,6,87,"2021-03-14 07:30:05"
"scattered clouds",03d,5,4,6,87,"2021-03-14 07:15:02"
"scattered clouds",03d,5,4,5,87,"2021-03-14 07:00:05"
"scattered clouds",03n,5,4,5,93,"2021-03-14 06:41:03"
"scattered clouds",03n,5,4,5,93,"2021-03-14 06:30:03"
"scattered clouds",03n,4,4,5,93,"2021-03-14 06:15:01"
"scattered clouds",03n,5,4,5,87,"2021-03-14 06:00:01"
"scattered clouds",03n,5,4,5,87,"2021-03-14 05:45:00"
"scattered clouds",03n,4,4,5,87,"2021-03-14 05:26:36"
"few clouds",02n,4,4,5,87,"2021-03-14 05:12:40"
"few clouds",02n,4,4,5,87,"2021-03-14 04:59:59"
"few clouds",02n,4,4,5,93,"2021-03-14 04:41:34"
"few clouds",02n,5,4,5,93,"2021-03-14 04:29:59"
"few clouds",02n,5,4,5,93,"2021-03-14 04:14:59"
"few clouds",02n,5,4,5,93,"2021-03-14 03:57:55"
"few clouds",02n,5,4,6,93,"2021-03-14 03:44:45"
"few clouds",02n,5,4,6,93,"2021-03-14 03:27:28"
"few clouds",02n,5,4,6,93,"2021-03-14 03:14:58"
"few clouds",02n,5,4,6,93,"2021-03-14 02:59:58"
"few clouds",02n,5,4,6,87,"2021-03-14 02:40:09"
"few clouds",02n,5,4,6,87,"2021-03-14 02:26:32"
"few clouds",02n,5,4,6,87,"2021-03-14 02:14:57"
"few clouds",02n,5,4,6,87,"2021-03-14 01:57:17"
"few clouds",02n,5,4,5,87,"2021-03-14 01:44:57"
"scattered clouds",03n,5,5,6,87,"2021-03-14 01:26:31"
"scattered clouds",03n,5,5,6,87,"2021-03-14 01:14:56"
"scattered clouds",03n,5,5,6,87,"2021-03-14 00:59:10"
"scattered clouds",03n,5,5,6,87,"2021-03-14 00:43:06"
"scattered clouds",03n,5,5,6,87,"2021-03-14 00:25:36"
"light rain",10n,5,5,6,87,"2021-03-14 00:14:50"
"scattered clouds",03n,5,5,6,87,"2021-03-13 23:57:46"
"scattered clouds",03n,5,4,6,87,"2021-03-13 23:44:55"
"broken clouds",04n,5,5,6,87,"2021-03-13 23:26:29"
"broken clouds",04n,5,5,6,87,"2021-03-13 23:10:23"
"broken clouds",04n,5,5,6,87,"2021-03-13 22:59:55"
"light rain",10n,5,5,6,87,"2021-03-13 22:40:51"
"broken clouds",04n,5,5,6,87,"2021-03-13 22:26:28"
"light rain",10n,5,4,6,87,"2021-03-13 22:11:04"
"broken clouds",04n,5,5,6,87,"2021-03-13 21:59:54"
"light rain",10n,5,5,6,87,"2021-03-13 21:44:54"
"moderate rain",10n,5,4,6,93,"2021-03-13 21:27:24"
"light rain",10n,5,4,6,93,"2021-03-13 21:14:53"
"moderate rain",10n,5,4,6,87,"2021-03-13 20:56:05"
"moderate rain",10n,5,4,6,87,"2021-03-13 20:44:53"
"light rain",10n,5,5,6,87,"2021-03-13 20:29:52"
"broken clouds",04n,5,5,6,87,"2021-03-13 20:10:16"
"light rain",10n,5,5,6,87,"2021-03-13 19:55:07"
"moderate rain",10n,5,5,6,87,"2021-03-13 19:44:52"
"moderate rain",10n,6,5,6,87,"2021-03-13 19:27:56"
"broken clouds",04n,6,5,6,87,"2021-03-13 19:14:51"
"moderate rain",10n,5,5,6,87,"2021-03-13 18:59:51"
"light rain",10n,5,5,6,87,"2021-03-13 18:44:51"
"broken clouds",04n,5,5,6,87,"2021-03-13 18:29:51"
"broken clouds",04d,6,5,7,81,"2021-03-13 18:11:59"
"light rain",10d,6,6,7,81,"2021-03-13 17:59:50"
"broken clouds",04d,6,6,7,75,"2021-03-13 17:41:28"
"broken clouds",04d,6,6,7,75,"2021-03-13 17:27:49"
"broken clouds",04d,6,5,7,87,"2021-03-13 17:14:48"
"broken clouds",04d,6,5,7,87,"2021-03-13 16:55:04"
"broken clouds",04d,7,6,7,75,"2021-03-13 16:43:09"
"broken clouds",04d,7,6,7,65,"2021-03-13 16:29:49"
"light rain",10d,7,7,8,65,"2021-03-13 16:10:44"
"broken clouds",04d,7,7,8,65,"2021-03-13 15:59:09"
"broken clouds",04d,7,7,8,65,"2021-03-13 15:44:49"
"broken clouds",04d,7,7,9,65,"2021-03-13 15:29:48"
"broken clouds",04d,7,7,8,65,"2021-03-13 15:09:50"
"broken clouds",04d,7,7,8,65,"2021-03-13 14:59:23"
"broken clouds",04d,7,7,8,65,"2021-03-13 14:44:46"
"scattered clouds",03d,7,7,8,65,"2021-03-13 14:29:46"
"scattered clouds",03d,8,7,9,61,"2021-03-13 14:14:46"
"scattered clouds",03d,7,7,9,61,"2021-03-13 13:59:25"
"scattered clouds",03d,7,7,8,61,"2021-03-13 13:41:19"
"scattered clouds",03d,7,7,8,61,"2021-03-13 13:27:46"
"scattered clouds",03d,7,6,9,61,"2021-03-13 13:11:18"
"scattered clouds",03d,7,6,8,61,"2021-03-13 12:59:45"
"scattered clouds",03d,7,6,8,70,"2021-03-13 12:41:18"
"scattered clouds",03d,7,6,8,70,"2021-03-13 12:28:54"
"scattered clouds",03d,6,5,8,70,"2021-03-13 12:11:17"
"scattered clouds",03d,6,5,7,70,"2021-03-13 11:59:05"
"scattered clouds",03d,6,5,7,70,"2021-03-13 11:43:54"
"scattered clouds",03d,6,5,7,75,"2021-03-13 11:29:44"
"scattered clouds",03d,5,5,6,70,"2021-03-13 11:14:44"
"scattered clouds",03d,5,4,6,70,"2021-03-13 10:56:15"
"scattered clouds",03d,5,4,6,70,"2021-03-13 10:42:37"
"scattered clouds",03d,5,4,6,75,"2021-03-13 10:29:43"
"scattered clouds",03d,5,4,6,70,"2021-03-13 10:14:43"
"scattered clouds",03d,5,4,6,70,"2021-03-13 09:59:15"
"scattered clouds",03d,5,4,6,70,"2021-03-13 09:44:42"
"scattered clouds",03d,5,3,6,81,"2021-03-13 09:26:06"
"scattered clouds",03d,4,3,6,81,"2021-03-13 09:14:42"
"scattered clouds",03d,4,3,6,81,"2021-03-13 08:59:41"
"scattered clouds",03d,4,3,4,81,"2021-03-13 08:44:07"
"broken clouds",04d,4,3,4,87,"2021-03-13 08:29:41"
"scattered clouds",03d,4,3,4,87,"2021-03-13 08:14:41"
"scattered clouds",03d,3,3,4,87,"2021-03-13 07:57:41"
"scattered clouds",03d,3,3,4,87,"2021-03-13 07:44:40"
"scattered clouds",03d,3,3,4,87,"2021-03-13 07:29:40"
"scattered clouds",03d,3,3,4,87,"2021-03-13 07:14:30"
"scattered clouds",03d,3,3,4,87,"2021-03-13 06:58:33"
"scattered clouds",03d,3,3,4,87,"2021-03-13 06:44:39"
"broken clouds",04n,4,3,4,87,"2021-03-13 06:24:57"
"broken clouds",04n,4,3,4,87,"2021-03-13 06:13:15"
"broken clouds",04n,4,3,4,87,"2021-03-13 05:56:09"
"broken clouds",04n,3,3,4,87,"2021-03-13 05:41:30"
"broken clouds",04n,3,3,4,87,"2021-03-13 05:29:39"
"broken clouds",04n,4,3,4,87,"2021-03-13 05:14:38"
"broken clouds",04n,4,3,4,87,"2021-03-13 04:58:19"
"broken clouds",04n,4,3,4,87,"2021-03-13 04:43:52"
"broken clouds",04n,4,3,4,87,"2021-03-13 04:29:38"
"broken clouds",04n,4,4,4,87,"2021-03-13 04:14:38"
"light rain",10n,4,4,4,87,"2021-03-13 03:58:12"
"broken clouds",04n,4,3,4,81,"2021-03-13 03:41:06"
"broken clouds",04n,4,3,4,81,"2021-03-13 03:29:37"
"broken clouds",04n,4,4,5,87,"2021-03-13 03:14:37"
"broken clouds",04n,4,4,4,87,"2021-03-13 02:55:05"
"broken clouds",04n,4,3,4,87,"2021-03-13 02:44:36"
"broken clouds",04n,4,4,4,87,"2021-03-13 02:29:36"
"broken clouds",04n,4,3,4,87,"2021-03-13 02:10:23"
"broken clouds",04n,4,3,4,87,"2021-03-13 01:54:41"
"broken clouds",04n,4,3,4,87,"2021-03-13 01:44:35"
"broken clouds",04n,4,3,4,87,"2021-03-13 01:29:35"
"broken clouds",04n,4,3,4,87,"2021-03-13 01:14:19"
"broken clouds",04n,4,3,4,87,"2021-03-13 00:55:04"
"scattered clouds",03n,4,3,4,81,"2021-03-13 00:40:14"
"scattered clouds",03n,4,3,4,81,"2021-03-13 00:27:49"
"broken clouds",04n,4,3,4,81,"2021-03-13 00:12:10"
"broken clouds",04n,4,3,4,81,"2021-03-12 23:57:34"
"broken clouds",04n,4,3,4,81,"2021-03-12 23:43:45"
"broken clouds",04n,4,3,4,87,"2021-03-12 23:25:01"
"broken clouds",04n,4,3,4,87,"2021-03-12 23:12:41"
"broken clouds",04n,4,3,4,87,"2021-03-12 22:59:34"
"broken clouds",04n,4,4,5,87,"2021-03-12 22:42:44"
"broken clouds",04n,4,4,5,87,"2021-03-12 22:29:33"
"broken clouds",04n,4,4,5,93,"2021-03-12 22:10:59"
"broken clouds",04n,4,4,5,93,"2021-03-12 21:57:24"
"broken clouds",04n,5,4,5,93,"2021-03-12 21:42:30"
"light rain",10n,5,4,6,87,"2021-03-12 21:29:32"
"light rain",10n,5,4,6,87,"2021-03-12 21:14:32"
"light rain",10n,6,5,7,81,"2021-03-12 20:55:04"
"light rain",10n,6,6,7,81,"2021-03-12 20:42:55"
"light rain",10n,6,6,7,81,"2021-03-12 20:27:39"
"broken clouds",04n,6,6,7,81,"2021-03-12 20:12:36"
"broken clouds",04n,6,6,7,81,"2021-03-12 19:54:49"
"broken clouds",04n,6,6,7,81,"2021-03-12 19:42:27"
"broken clouds",04n,6,6,7,87,"2021-03-12 19:28:48"
"broken clouds",04n,6,6,7,87,"2021-03-12 19:13:23"
"broken clouds",04n,6,6,7,87,"2021-03-12 18:59:31"
"broken clouds",04n,6,6,7,87,"2021-03-12 18:44:31"
"overcast clouds",04n,6,5,7,81,"2021-03-12 18:25:42"
"overcast clouds",04d,6,5,7,81,"2021-03-12 18:14:17"
"moderate rain",10d,7,6,8,76,"2021-03-12 17:55:02"
"moderate rain",10d,7,7,8,70,"2021-03-12 17:40:22"
"light rain",10d,7,7,8,70,"2021-03-12 17:24:58"
"light rain",10d,7,7,8,70,"2021-03-12 17:14:30"
"broken clouds",04d,7,7,8,70,"2021-03-12 16:59:29"
"broken clouds",04d,7,7,8,70,"2021-03-12 16:40:10"
"broken clouds",04d,7,7,8,70,"2021-03-12 16:27:45"
"broken clouds",04d,8,7,8,66,"2021-03-12 16:10:20"
"broken clouds",04d,8,7,8,66,"2021-03-12 15:57:47"
"broken clouds",04d,8,7,8,66,"2021-03-12 15:44:29"
"broken clouds",04d,8,7,8,71,"2021-03-12 15:26:56"
"broken clouds",04d,8,7,8,71,"2021-03-12 15:14:28"
"broken clouds",04d,8,7,8,70,"2021-03-12 14:55:01"
"broken clouds",04d,8,7,8,70,"2021-03-12 14:44:28"
"broken clouds",04d,7,7,8,70,"2021-03-12 14:25:52"
"broken clouds",04d,8,7,8,70,"2021-03-12 14:14:27"
"broken clouds",04d,7,7,8,70,"2021-03-12 13:59:27"
"broken clouds",04d,7,6,8,70,"2021-03-12 13:44:27"
"broken clouds",04d,8,7,8,66,"2021-03-12 13:25:26"
"broken clouds",04d,8,7,8,66,"2021-03-12 13:13:10"
"broken clouds",04d,8,7,8,61,"2021-03-12 12:55:51"
"broken clouds",04d,8,7,8,65,"2021-03-12 12:40:40"
"broken clouds",04d,8,7,8,65,"2021-03-12 12:25:50"
"broken clouds",04d,8,7,8,65,"2021-03-12 12:09:32"
"broken clouds",04d,8,7,8,65,"2021-03-12 11:59:08"
"broken clouds",04d,8,7,8,70,"2021-03-12 11:41:27"
"broken clouds",04d,7,7,8,70,"2021-03-12 11:29:25"
"broken clouds",04d,7,6,8,75,"2021-03-12 11:10:21"
"broken clouds",04d,7,6,8,75,"2021-03-12 10:55:04"
"broken clouds",04d,7,6,7,75,"2021-03-12 10:44:11"
"broken clouds",04d,6,5,7,75,"2021-03-12 10:27:46"
"scattered clouds",03d,6,5,7,81,"2021-03-12 10:14:10"
"scattered clouds",03d,6,5,6,81,"2021-03-12 09:58:58"
"scattered clouds",03d,6,5,6,81,"2021-03-12 09:43:19"
"broken clouds",04d,5,4,6,87,"2021-03-12 09:25:46"
"scattered clouds",03d,5,4,6,87,"2021-03-12 09:14:06"
"scattered clouds",03d,4,4,4,87,"2021-03-12 08:55:16"
"scattered clouds",03d,4,3,5,87,"2021-03-12 08:43:36"
"scattered clouds",03d,4,3,5,87,"2021-03-12 08:25:01"
"scattered clouds",03d,4,3,5,87,"2021-03-12 08:14:24"
"scattered clouds",03d,4,3,5,87,"2021-03-12 07:55:03"
"scattered clouds",03d,4,2,4,93,"2021-03-12 07:41:27"
"scattered clouds",03d,4,3,4,87,"2021-03-12 07:25:40"
"scattered clouds",03d,3,2,4,93,"2021-03-12 07:13:22"
"scattered clouds",03d,3,2,4,93,"2021-03-12 06:59:23"
"scattered clouds",03n,3,2,4,93,"2021-03-12 06:43:47"
"scattered clouds",03n,3,2,4,87,"2021-03-12 06:27:24"
"scattered clouds",03n,3,2,3,87,"2021-03-12 06:13:12"
"broken clouds",04n,2,2,3,93,"2021-03-12 05:59:22"
"broken clouds",04n,2,2,3,93,"2021-03-12 05:39:24"
"broken clouds",04n,2,2,3,93,"2021-03-12 05:25:42"
"broken clouds",04n,3,2,4,93,"2021-03-12 05:14:22"
"moderate rain",10n,3,3,4,93,"2021-03-12 04:59:21"
"heavy intensity rain",10n,4,3,4,93,"2021-03-12 04:42:52"
"light rain",10n,4,4,4,87,"2021-03-12 04:25:20"
"broken clouds",04n,4,4,5,93,"2021-03-12 04:10:40"
"light rain",10n,5,4,5,93,"2021-03-12 03:59:21"
"broken clouds",04n,4,4,5,93,"2021-03-12 03:44:05"
"broken clouds",04n,4,3,5,93,"2021-03-12 03:26:16"
"broken clouds",04n,4,4,5,87,"2021-03-12 03:10:39"
"broken clouds",04n,4,4,4,87,"2021-03-12 02:55:38"
"broken clouds",04n,4,4,4,87,"2021-03-12 02:44:20"
"light rain",10n,4,4,4,87,"2021-03-12 02:25:38"
"light rain",10n,4,3,4,87,"2021-03-12 02:12:06"
"moderate rain",10n,4,3,4,87,"2021-03-12 01:55:02"
"light rain",10n,4,3,4,93,"2021-03-12 01:40:37"
"broken clouds",04n,4,3,4,93,"2021-03-12 01:28:56"
"broken clouds",04n,4,3,4,81,"2021-03-12 01:11:25"
"broken clouds",04n,4,3,4,81,"2021-03-12 00:58:53"
"light rain",10n,4,3,4,87,"2021-03-12 00:41:17"
"light rain",10n,4,3,5,87,"2021-03-12 00:24:45"
"light rain",10n,4,4,6,81,"2021-03-12 00:10:34"
"light rain",10n,5,4,6,81,"2021-03-11 23:59:18"
"broken clouds",04n,5,4,5,81,"2021-03-11 23:39:30"
"broken clouds",04n,5,4,5,81,"2021-03-11 23:29:18"
"broken clouds",04n,5,4,5,81,"2021-03-11 23:10:01"
"broken clouds",04n,4,4,5,81,"2021-03-11 22:59:18"
"broken clouds",04n,5,4,5,81,"2021-03-11 22:41:26"
"broken clouds",04n,5,4,5,81,"2021-03-11 22:24:52"
"broken clouds",04n,5,4,5,81,"2021-03-11 22:10:32"
"broken clouds",04n,5,4,5,81,"2021-03-11 21:58:01"
"broken clouds",04n,5,4,5,81,"2021-03-11 21:43:46"
"scattered clouds",03n,5,4,5,81,"2021-03-11 21:24:59"
"scattered clouds",03n,5,4,5,81,"2021-03-11 21:11:47"
"scattered clouds",03n,5,4,5,81,"2021-03-11 20:59:16"
"broken clouds",04n,5,4,5,87,"2021-03-11 20:40:27"
"broken clouds",04n,5,4,5,87,"2021-03-11 20:29:16"
"broken clouds",04n,4,4,4,81,"2021-03-11 20:12:36"
"scattered clouds",03n,4,3,4,87,"2021-03-11 19:55:17"
"scattered clouds",03n,4,3,4,87,"2021-03-11 19:44:16"
"light rain",10n,4,3,4,87,"2021-03-11 19:29:15"
"moderate rain",10n,4,2,6,93,"2021-03-11 19:11:31"
"light rain",10n,4,2,6,93,"2021-03-11 18:57:07"
"broken clouds",04n,4,2,6,93,"2021-03-11 18:43:01"
"moderate rain",10n,6,5,7,75,"2021-03-11 18:29:15"
"light rain",10d,6,5,7,75,"2021-03-11 18:13:17"
"light rain",10d,7,6,7,65,"2021-03-11 17:57:36"
"scattered clouds",03d,7,6,7,65,"2021-03-11 17:39:15"
"scattered clouds",03d,7,6,8,65,"2021-03-11 17:29:14"
"scattered clouds",03d,7,6,8,65,"2021-03-11 17:13:03"
"scattered clouds",03d,7,6,8,65,"2021-03-11 16:56:12"
"scattered clouds",03d,7,6,8,65,"2021-03-11 16:44:13"
"scattered clouds",03d,7,7,8,70,"2021-03-11 16:24:42"
"scattered clouds",03d,7,6,8,81,"2021-03-11 16:12:07"
"scattered clouds",03d,6,6,7,81,"2021-03-11 15:57:04"
"few clouds",02d,6,4,7,87,"2021-03-11 15:42:09"
"scattered clouds",03d,6,6,7,81,"2021-03-11 15:29:12"
"scattered clouds",03d,5,3,6,87,"2021-03-11 15:10:10"
"scattered clouds",03d,4,3,5,87,"2021-03-11 14:59:12"
"moderate rain",10d,5,3,7,87,"2021-03-11 14:44:12"
"light rain",10d,7,6,8,75,"2021-03-11 14:25:21"
"broken clouds",04d,7,6,7,81,"2021-03-11 14:09:47"
"scattered clouds",03d,6,5,7,87,"2021-03-11 13:55:20"
"scattered clouds",03d,6,5,7,87,"2021-03-11 13:43:26"
"scattered clouds",03d,5,4,7,87,"2021-03-11 13:25:20"
"heavy intensity rain",10d,6,5,7,76,"2021-03-11 13:13:24"
"light rain",10d,7,6,8,76,"2021-03-11 12:59:11"
"light rain",10d,8,7,8,76,"2021-03-11 12:44:10"
"broken clouds",04d,7,7,8,70,"2021-03-11 12:29:10"
"scattered clouds",03d,7,7,8,65,"2021-03-11 12:14:09"
"scattered clouds",03d,7,6,7,65,"2021-03-11 11:57:25"
"broken clouds",04d,6,6,7,70,"2021-03-11 11:40:11"
"broken clouds",04d,7,7,8,70,"2021-03-11 11:27:30"
"scattered clouds",03d,7,6,8,70,"2021-03-11 11:14:09"
"scattered clouds",03d,7,6,8,70,"2021-03-11 10:54:27"
"scattered clouds",03d,6,6,7,70,"2021-03-11 10:44:08"
"broken clouds",04d,6,6,7,75,"2021-03-11 10:29:08"
"broken clouds",04d,6,6,7,75,"2021-03-11 10:10:16"
"broken clouds",04d,6,6,7,75,"2021-03-11 09:59:08"
"broken clouds",04d,6,6,7,75,"2021-03-11 09:44:07"
"broken clouds",04d,6,5,7,75,"2021-03-11 09:24:26"
"broken clouds",04d,6,6,6,75,"2021-03-11 09:14:07"
"broken clouds",04d,6,5,6,75,"2021-03-11 08:55:35"
"broken clouds",04d,6,5,7,75,"2021-03-11 08:43:48"
"broken clouds",04d,6,5,6,81,"2021-03-11 08:24:14"
"broken clouds",04d,6,5,6,81,"2021-03-11 08:14:06"
"broken clouds",04d,6,5,6,81,"2021-03-11 07:55:25"
"broken clouds",04d,6,5,6,75,"2021-03-11 07:39:13"
"broken clouds",04d,6,5,6,75,"2021-03-11 07:28:14"
"broken clouds",04d,6,5,7,75,"2021-03-11 07:14:05"
"broken clouds",04d,6,6,6,75,"2021-03-11 06:55:15"
"broken clouds",04n,6,5,7,75,"2021-03-11 06:44:05"
"scattered clouds",03n,6,5,7,75,"2021-03-11 06:29:05"
"scattered clouds",03n,6,5,7,75,"2021-03-11 06:12:34"
"scattered clouds",03n,6,6,7,75,"2021-03-11 05:54:50"
"scattered clouds",03n,6,6,7,75,"2021-03-11 05:42:39"
"broken clouds",04n,7,6,7,81,"2021-03-11 05:25:10"
"broken clouds",04n,7,6,7,87,"2021-03-11 05:14:04"
"broken clouds",04n,7,6,7,87,"2021-03-11 04:55:10"
"broken clouds",04n,7,7,7,87,"2021-03-11 04:39:15"
"broken clouds",04n,7,7,8,87,"2021-03-11 04:27:39"
"broken clouds",04n,8,7,9,87,"2021-03-11 04:10:38"
"broken clouds",04n,8,7,9,87,"2021-03-11 03:58:05"
"broken clouds",04n,9,8,9,87,"2021-03-11 03:39:37"
"broken clouds",04n,9,8,9,87,"2021-03-11 03:26:52"
"light rain",10n,9,8,9,93,"2021-03-11 03:14:03"
"light rain",10n,9,8,9,93,"2021-03-11 02:58:22"
"moderate rain",10n,9,8,9,87,"2021-03-11 02:40:35"
"broken clouds",04n,9,8,9,87,"2021-03-11 02:28:14"
"broken clouds",04n,9,8,9,87,"2021-03-11 02:14:02"
"light rain",10n,9,8,9,87,"2021-03-11 01:59:02"
"light rain",10n,9,8,9,87,"2021-03-11 01:43:04"
"broken clouds",04n,9,9,9,81,"2021-03-11 01:25:02"
"broken clouds",04n,9,9,9,76,"2021-03-11 01:10:05"
"broken clouds",04n,9,9,9,76,"2021-03-11 00:55:24"
"broken clouds",04n,9,9,9,76,"2021-03-11 00:42:58"
"broken clouds",04n,9,9,10,76,"2021-03-11 00:26:50"
"broken clouds",04n,9,9,9,76,"2021-03-11 00:09:59"
"broken clouds",04n,9,9,9,76,"2021-03-10 23:57:58"
"broken clouds",04n,9,9,9,76,"2021-03-10 23:41:26"
"broken clouds",04n,9,9,10,76,"2021-03-10 23:25:12"
"broken clouds",04n,9,9,9,76,"2021-03-10 23:10:14"
"broken clouds",04n,9,9,9,76,"2021-03-10 22:59:01"
"broken clouds",04n,9,9,9,76,"2021-03-10 22:39:57"
"broken clouds",04n,10,9,10,76,"2021-03-10 22:24:16"
"scattered clouds",03n,9,9,10,76,"2021-03-10 22:14:00"
"scattered clouds",03n,9,9,10,76,"2021-03-10 21:55:54"
"scattered clouds",03n,10,9,11,76,"2021-03-10 21:42:54"
"scattered clouds",03n,10,9,11,66,"2021-03-10 21:27:34"
"scattered clouds",03n,10,9,11,81,"2021-03-10 21:13:59"
"scattered clouds",03n,10,9,11,81,"2021-03-10 20:54:31"
"scattered clouds",03n,10,9,11,81,"2021-03-10 20:43:38"
"scattered clouds",03n,10,9,11,81,"2021-03-10 20:24:50"
"scattered clouds",03n,11,10,11,76,"2021-03-10 20:09:54"
"scattered clouds",03n,11,10,11,76,"2021-03-10 19:56:29"
"scattered clouds",03n,11,11,11,76,"2021-03-10 19:39:53"
"scattered clouds",03n,11,11,12,76,"2021-03-10 19:28:58"
"scattered clouds",03n,11,10,12,87,"2021-03-10 19:13:58"
"scattered clouds",03n,11,10,12,87,"2021-03-10 18:55:16"
"scattered clouds",03n,11,10,12,87,"2021-03-10 18:43:57"
"broken clouds",04n,11,10,12,82,"2021-03-10 18:28:57"
"broken clouds",04d,11,10,12,82,"2021-03-10 18:13:57"
"broken clouds",04d,11,11,12,87,"2021-03-10 17:55:56"
"broken clouds",04d,12,11,13,87,"2021-03-10 17:42:59"
"broken clouds",04d,12,11,13,82,"2021-03-10 17:28:56"
"broken clouds",04d,12,12,13,82,"2021-03-10 17:11:48"
"broken clouds",04d,12,12,13,82,"2021-03-10 16:58:56"
"broken clouds",04d,12,12,13,76,"2021-03-10 16:41:28"
"broken clouds",04d,13,12,13,76,"2021-03-10 16:25:32"
"broken clouds",04d,13,12,14,82,"2021-03-10 16:13:55"
"broken clouds",04d,13,12,13,82,"2021-03-10 15:54:49"
"broken clouds",04d,13,12,13,82,"2021-03-10 15:43:55"
"broken clouds",04d,13,12,13,87,"2021-03-10 15:24:49"
"broken clouds",04d,13,12,13,87,"2021-03-10 15:09:48"
"broken clouds",04d,13,12,14,87,"2021-03-10 14:55:04"
"broken clouds",04d,13,12,13,87,"2021-03-10 14:43:25"
"broken clouds",04d,12,12,13,87,"2021-03-10 14:28:02"
"broken clouds",04d,12,11,13,93,"2021-03-10 14:13:34"
"light rain",10d,12,11,13,93,"2021-03-10 13:57:23"
"light rain",10d,12,11,12,93,"2021-03-10 13:43:21"
"moderate rain",10d,12,11,13,87,"2021-03-10 13:28:54"
"light rain",10d,12,11,12,87,"2021-03-10 13:13:53"
"moderate rain",10d,11,11,12,87,"2021-03-10 12:57:15"
"moderate rain",10d,11,10,12,87,"2021-03-10 12:43:53"
"moderate rain",10d,11,10,12,93,"2021-03-10 12:23:59"
"moderate rain",10d,10,8,11,100,"2021-03-10 12:12:47"
"light rain",10d,10,8,11,100,"2021-03-10 11:58:52"
"light rain",10d,9,8,11,100,"2021-03-10 11:43:52"
"light rain",10d,9,8,10,93,"2021-03-10 11:28:52"
"light rain",10d,9,8,10,93,"2021-03-10 11:09:44"
"light rain",10d,9,8,10,93,"2021-03-10 10:57:37"
"moderate rain",10d,9,8,9,93,"2021-03-10 10:43:33"
"moderate rain",10d,8,8,9,87,"2021-03-10 10:24:43"
"moderate rain",10d,8,8,9,87,"2021-03-10 10:09:47"
"light rain",10d,8,8,9,87,"2021-03-10 09:56:36"
"broken clouds",04d,8,8,8,87,"2021-03-10 09:41:22"
"broken clouds",04d,8,7,9,87,"2021-03-10 09:28:50"
"broken clouds",04d,8,7,8,93,"2021-03-10 09:13:09"
"broken clouds",04d,8,7,8,93,"2021-03-10 08:58:50"
"broken clouds",04d,7,7,8,93,"2021-03-10 08:42:22"
"broken clouds",04d,7,7,8,93,"2021-03-10 08:28:50"
"broken clouds",04d,7,7,7,93,"2021-03-10 08:08:59"
"broken clouds",04d,7,7,7,93,"2021-03-10 07:55:01"
"light rain",10d,7,7,7,93,"2021-03-10 07:43:28"
"heavy intensity rain",10d,7,7,8,93,"2021-03-10 07:28:49"
"light rain",10d,7,7,8,93,"2021-03-10 07:13:25"
"heavy intensity rain",10d,7,7,8,93,"2021-03-10 06:58:49"
"moderate rain",10n,7,7,8,93,"2021-03-10 06:43:48"
"moderate rain",10n,7,7,8,87,"2021-03-10 06:25:02"
"heavy intensity rain",10n,7,7,8,87,"2021-03-10 06:13:48"
"broken clouds",04n,8,7,8,93,"2021-03-10 05:55:44"
"light rain",10n,8,7,8,87,"2021-03-10 05:41:11"
"broken clouds",04n,8,7,9,87,"2021-03-10 05:28:47"
"broken clouds",04n,8,8,8,87,"2021-03-10 05:13:47"
"broken clouds",04n,8,8,8,87,"2021-03-10 04:55:05"
"broken clouds",04n,8,8,8,87,"2021-03-10 04:41:05"
"broken clouds",04n,8,8,8,87,"2021-03-10 04:24:09"
"broken clouds",04n,8,8,8,87,"2021-03-10 04:13:46"
"broken clouds",04n,8,8,8,87,"2021-03-10 03:58:46"
"broken clouds",04n,8,8,8,87,"2021-03-10 03:43:46"
"broken clouds",04n,8,8,8,93,"2021-03-10 03:24:38"
"broken clouds",04n,8,8,8,93,"2021-03-10 03:13:45"
"broken clouds",04n,8,8,8,93,"2021-03-10 02:56:02"
"broken clouds",04n,8,8,8,93,"2021-03-10 02:39:13"
"broken clouds",04n,8,8,8,93,"2021-03-10 02:28:45"
"broken clouds",04n,8,8,9,93,"2021-03-10 02:11:48"
"broken clouds",04n,9,8,11,93,"2021-03-10 01:58:44"
"broken clouds",04n,10,9,11,93,"2021-03-10 01:39:12"
"broken clouds",04n,10,9,11,93,"2021-03-10 01:28:44"
"broken clouds",04n,10,9,11,87,"2021-03-10 01:13:44"
"broken clouds",04n,10,9,11,87,"2021-03-10 00:56:26"
"broken clouds",04n,10,9,11,87,"2021-03-10 00:40:38"
"broken clouds",04n,10,9,11,87,"2021-03-10 00:28:39"
"broken clouds",04n,10,9,11,87,"2021-03-10 00:13:01"
"broken clouds",04n,10,9,11,87,"2021-03-09 23:55:14"
"broken clouds",04n,10,9,11,87,"2021-03-09 23:42:36"
"broken clouds",04n,10,9,11,81,"2021-03-09 23:25:02"
"broken clouds",04n,10,9,11,87,"2021-03-09 23:13:42"
"light rain",10n,10,9,11,87,"2021-03-09 22:54:33"
"light rain",10n,10,9,11,87,"2021-03-09 22:41:23"
"light rain",10n,9,9,10,87,"2021-03-09 22:27:13"
"broken clouds",04n,9,9,10,81,"2021-03-09 22:13:05"
"light rain",10n,9,9,11,81,"2021-03-09 21:55:21"
"broken clouds",04n,9,9,10,81,"2021-03-09 21:43:42"
"light rain",10n,9,9,10,81,"2021-03-09 21:24:06"
"light rain",10n,9,9,10,81,"2021-03-09 21:13:05"
"light rain",10n,9,8,10,81,"2021-03-09 20:56:25"
"light rain",10n,9,8,10,81,"2021-03-09 20:39:02"
"light rain",10n,9,8,10,81,"2021-03-09 20:25:04"
"light rain",10n,9,8,10,81,"2021-03-09 20:10:04"
"overcast clouds",04n,9,8,9,81,"2021-03-09 19:55:03"
"light rain",10n,9,8,10,87,"2021-03-09 19:40:22"
"light rain",10n,9,8,10,87,"2021-03-09 19:26:23"
"overcast clouds",04n,9,8,10,76,"2021-03-09 19:13:40"
"moderate rain",10n,9,8,10,76,"2021-03-09 18:54:30"
"light rain",10n,9,8,10,76,"2021-03-09 18:40:16"
"overcast clouds",04n,9,8,10,76,"2021-03-09 18:28:39"
"overcast clouds",04d,9,8,10,76,"2021-03-09 18:13:39"
"overcast clouds",04d,9,8,10,76,"2021-03-09 17:54:33"
"overcast clouds",04d,9,8,10,76,"2021-03-09 17:42:36"
"light rain",10d,9,8,10,76,"2021-03-09 17:28:39"
"light rain",10d,9,8,10,76,"2021-03-09 17:13:07"
"moderate rain",10d,9,8,10,76,"2021-03-09 16:56:21"
"moderate rain",10d,9,8,10,76,"2021-03-09 16:39:33"
"moderate rain",10d,9,8,10,76,"2021-03-09 16:26:19"
"moderate rain",10d,9,8,10,71,"2021-03-09 16:13:38"
"light rain",10d,9,9,9,71,"2021-03-09 15:58:37"
"moderate rain",10d,9,9,10,76,"2021-03-09 15:40:25"
"light rain",10d,9,9,10,76,"2021-03-09 15:25:06"
"light rain",10d,9,9,10,71,"2021-03-09 15:11:41"
"light rain",10d,10,9,11,71,"2021-03-09 14:54:10"
"light rain",10d,10,9,11,71,"2021-03-09 14:41:57"
"light rain",10d,10,9,11,71,"2021-03-09 14:24:14"
"broken clouds",04d,10,9,11,66,"2021-03-09 14:10:11"
"broken clouds",04d,10,9,11,66,"2021-03-09 13:57:55"
"light rain",10d,10,9,11,71,"2021-03-09 13:38:42"
"broken clouds",04d,10,9,11,71,"2021-03-09 13:26:25"
"light rain",10d,10,10,11,71,"2021-03-09 13:13:07"
"broken clouds",04d,10,10,11,71,"2021-03-09 12:53:57"
"broken clouds",04d,10,10,11,71,"2021-03-09 12:43:12"
"broken clouds",04d,10,10,11,76,"2021-03-09 12:28:35"
"broken clouds",04d,10,10,11,76,"2021-03-09 12:12:41"
"broken clouds",04d,10,10,11,76,"2021-03-09 11:58:35"
"broken clouds",04d,10,10,11,76,"2021-03-09 11:38:39"
"broken clouds",04d,10,8,11,76,"2021-03-09 11:28:01"
"broken clouds",04d,10,9,11,81,"2021-03-09 11:10:44"
"broken clouds",04d,10,8,11,81,"2021-03-09 10:58:35"
"broken clouds",04d,10,8,11,81,"2021-03-09 10:38:56"
"broken clouds",04d,10,8,11,81,"2021-03-09 10:28:34"
"broken clouds",04d,9,8,11,81,"2021-03-09 10:11:38"
"broken clouds",04d,9,8,11,81,"2021-03-09 09:54:30"
"broken clouds",04d,10,8,11,81,"2021-03-09 09:42:13"
"broken clouds",04d,9,9,10,81,"2021-03-09 09:24:22"
"broken clouds",04d,9,7,11,87,"2021-03-09 09:10:40"
"broken clouds",04d,9,7,10,87,"2021-03-09 08:55:04"
"broken clouds",04d,9,7,10,87,"2021-03-09 08:41:01"
"broken clouds",04d,8,7,9,87,"2021-03-09 08:24:57"
"broken clouds",04d,8,7,9,87,"2021-03-09 08:09:42"
"broken clouds",04d,8,7,8,87,"2021-03-09 07:58:33"
"broken clouds",04d,8,7,8,87,"2021-03-09 07:40:01"
"broken clouds",04d,7,6,8,87,"2021-03-09 07:28:32"
"broken clouds",04d,7,7,8,87,"2021-03-09 07:09:12"
"broken clouds",04d,7,7,8,87,"2021-03-09 06:58:32"
"broken clouds",04n,7,6,8,93,"2021-03-09 06:39:49"
"broken clouds",04n,7,6,8,93,"2021-03-09 06:28:32"
"broken clouds",04n,7,6,7,93,"2021-03-09 06:10:36"
"broken clouds",04n,7,6,7,93,"2021-03-09 05:58:03"
"broken clouds",04n,7,6,7,93,"2021-03-09 05:43:31"
"broken clouds",04n,7,7,7,87,"2021-03-09 05:25:06"
"broken clouds",04n,7,7,7,87,"2021-03-09 05:09:32"
"broken clouds",04n,7,7,7,87,"2021-03-09 04:58:27"
"broken clouds",04n,7,7,8,87,"2021-03-09 04:38:34"
"broken clouds",04n,7,7,8,87,"2021-03-09 04:26:10"
"broken clouds",04n,7,7,8,87,"2021-03-09 04:13:28"
"broken clouds",04n,7,7,8,87,"2021-03-09 03:56:10"
"broken clouds",04n,7,7,8,87,"2021-03-09 03:43:30"
"broken clouds",04n,7,7,8,87,"2021-03-09 03:26:35"
"broken clouds",04n,7,7,8,87,"2021-03-09 03:12:48"
"broken clouds",04n,7,7,8,87,"2021-03-09 02:55:03"
"broken clouds",04n,7,7,8,87,"2021-03-09 02:39:34"
"broken clouds",04n,7,7,8,87,"2021-03-09 02:26:59"
"broken clouds",04n,7,7,8,87,"2021-03-09 02:11:11"
"broken clouds",04n,7,7,8,87,"2021-03-09 01:56:08"
"broken clouds",04n,7,7,8,87,"2021-03-09 01:43:04"
"broken clouds",04n,7,7,8,87,"2021-03-09 01:24:15"
"broken clouds",04n,7,7,8,87,"2021-03-09 01:13:27"
"broken clouds",04n,7,7,8,87,"2021-03-09 00:55:05"
"broken clouds",04n,7,7,8,87,"2021-03-09 00:43:27"
"broken clouds",04n,7,7,8,87,"2021-03-09 00:28:27"
"broken clouds",04n,7,7,8,87,"2021-03-09 00:10:39"
"broken clouds",04n,8,7,8,87,"2021-03-08 23:57:48"
"broken clouds",04n,8,7,8,87,"2021-03-08 23:39:12"
"broken clouds",04n,8,7,8,87,"2021-03-08 23:28:26"
"light rain",10n,8,7,8,87,"2021-03-08 23:13:26"
"broken clouds",04n,7,7,8,87,"2021-03-08 22:58:25"
"broken clouds",04n,8,7,8,81,"2021-03-08 22:39:22"
"broken clouds",04n,8,7,8,81,"2021-03-08 22:24:05"
"broken clouds",04n,8,8,8,76,"2021-03-08 22:12:11"
"broken clouds",04n,8,8,8,76,"2021-03-08 21:56:17"
"broken clouds",04n,8,7,9,76,"2021-03-08 21:43:25"
"broken clouds",04n,8,8,8,76,"2021-03-08 21:24:41"
"broken clouds",04n,8,8,8,76,"2021-03-08 21:08:57"
"broken clouds",04n,8,8,8,76,"2021-03-08 20:53:40"
"broken clouds",04n,8,8,8,76,"2021-03-08 20:39:18"
"broken clouds",04n,8,8,8,76,"2021-03-08 20:28:24"
"broken clouds",04n,8,8,9,81,"2021-03-08 20:12:53"
"broken clouds",04n,8,8,9,81,"2021-03-08 19:58:24"
"broken clouds",04n,9,8,9,81,"2021-03-08 19:39:10"
"broken clouds",04n,9,8,9,81,"2021-03-08 19:24:10"
"broken clouds",04n,9,8,9,81,"2021-03-08 19:13:06"
"broken clouds",04n,9,8,9,81,"2021-03-08 18:58:23"
"light rain",10n,9,9,9,66,"2021-03-08 18:39:09"
"moderate rain",10n,9,9,10,66,"2021-03-08 18:28:23"
"moderate rain",10d,10,9,10,62,"2021-03-08 18:12:01"
"broken clouds",04d,9,9,10,62,"2021-03-08 17:54:08"
"broken clouds",04d,10,9,10,62,"2021-03-08 17:39:08"
"broken clouds",04d,10,9,11,62,"2021-03-08 17:28:22"
"broken clouds",04d,10,9,11,62,"2021-03-08 17:11:16"
"broken clouds",04d,10,9,11,62,"2021-03-08 16:58:22"
"broken clouds",04d,10,9,11,62,"2021-03-08 16:39:12"
"broken clouds",04d,10,10,11,62,"2021-03-08 16:25:30"
"broken clouds",04d,10,10,11,62,"2021-03-08 16:10:05"
"broken clouds",04d,10,10,11,62,"2021-03-08 15:56:46"
"broken clouds",04d,10,9,11,62,"2021-03-08 15:39:21"
"light rain",10d,10,9,11,62,"2021-03-08 15:24:39"
"moderate rain",10d,10,10,11,62,"2021-03-08 15:09:41"
"light rain",10d,11,10,11,62,"2021-03-08 14:58:21"
"light rain",10d,11,10,11,58,"2021-03-08 14:38:29"
"light rain",10d,11,8,12,58,"2021-03-08 14:28:21"
"light rain",10d,11,11,12,58,"2021-03-08 14:10:53"
"broken clouds",04d,11,11,12,58,"2021-03-08 13:58:20"
"broken clouds",04d,10,9,11,58,"2021-03-08 13:43:20"
"broken clouds",04d,10,9,11,62,"2021-03-08 13:25:02"
"scattered clouds",03d,11,9,12,62,"2021-03-08 13:11:02"
"scattered clouds",03d,10,9,11,62,"2021-03-08 12:58:20"
"scattered clouds",03d,10,9,11,62,"2021-03-08 12:43:19"
"scattered clouds",03d,10,9,11,71,"2021-03-08 12:28:19"
"scattered clouds",03d,10,8,11,71,"2021-03-08 12:10:10"
"scattered clouds",03d,9,8,10,71,"2021-03-08 11:58:19"
"scattered clouds",03d,9,8,10,71,"2021-03-08 11:42:45"
"scattered clouds",03d,9,8,11,71,"2021-03-08 11:28:18"
"broken clouds",04d,9,7,10,81,"2021-03-08 11:13:18"
"broken clouds",04d,9,7,9,81,"2021-03-08 10:55:54"
"broken clouds",04d,8,6,9,87,"2021-03-08 10:39:01"
"broken clouds",04d,8,7,8,81,"2021-03-08 10:24:00"
"broken clouds",04d,8,7,8,87,"2021-03-08 10:09:00"
"broken clouds",04d,8,7,8,87,"2021-03-08 09:58:17"
"light rain",10d,7,6,8,87,"2021-03-08 09:38:48"
"light rain",10d,7,6,8,87,"2021-03-08 09:23:59"
"light rain",10d,7,6,8,87,"2021-03-08 09:12:43"
"light rain",10d,7,5,8,93,"2021-03-08 08:58:17"
"light rain",10d,7,6,7,87,"2021-03-08 08:43:16"
"light rain",10d,6,5,7,87,"2021-03-08 08:27:37"
"light rain",10d,6,5,7,87,"2021-03-08 08:08:58"
"light rain",10d,6,5,7,87,"2021-03-08 07:54:33"
"broken clouds",04d,6,5,7,87,"2021-03-08 07:39:24"
"broken clouds",04d,5,5,6,87,"2021-03-08 07:26:13"
"light rain",10d,5,5,6,87,"2021-03-08 07:11:11"
"light rain",10d,5,5,6,87,"2021-03-08 06:58:05"
"light rain",10n,5,5,6,87,"2021-03-08 06:43:15"
"light rain",10n,6,5,6,87,"2021-03-08 06:26:06"
"light rain",10n,5,5,6,87,"2021-03-08 06:13:15"
"broken clouds",04n,5,5,6,87,"2021-03-08 05:56:03"
"broken clouds",04n,5,5,6,87,"2021-03-08 05:39:19"
"broken clouds",04n,6,5,6,87,"2021-03-08 05:26:57"
"broken clouds",04n,6,5,6,87,"2021-03-08 05:13:14"
"broken clouds",04n,6,5,6,87,"2021-03-08 04:58:14"
"broken clouds",04n,6,5,6,81,"2021-03-08 04:40:10"
"broken clouds",04n,6,5,6,81,"2021-03-08 04:28:14"
"broken clouds",04n,6,5,6,81,"2021-03-08 04:13:13"
"broken clouds",04n,6,5,6,81,"2021-03-08 03:58:13"
"broken clouds",04n,5,5,6,81,"2021-03-08 03:42:37"
"broken clouds",04n,6,5,7,75,"2021-03-08 03:28:13"
"broken clouds",04n,6,5,7,75,"2021-03-08 03:13:13"
"broken clouds",04n,6,5,7,75,"2021-03-08 02:58:13"
"broken clouds",04n,6,5,7,75,"2021-03-08 02:42:54"
"broken clouds",04n,6,5,7,81,"2021-03-08 02:26:57"
"broken clouds",04n,6,5,6,81,"2021-03-08 02:12:58"
"light rain",10n,6,5,6,81,"2021-03-08 01:58:12"
"light rain",10n,6,5,6,81,"2021-03-08 01:43:12"
"moderate rain",10n,6,5,7,75,"2021-03-08 01:25:45"
"light rain",10n,6,4,7,75,"2021-03-08 01:08:48"
"light rain",10n,6,5,6,75,"2021-03-08 00:58:11"
"clear sky",01n,6,5,6,75,"2021-03-08 00:42:02"
"clear sky",01n,6,5,6,75,"2021-03-08 00:25:53"
"clear sky",01n,5,5,6,75,"2021-03-08 00:12:34"
"clear sky",01n,5,4,6,75,"2021-03-07 23:54:29"
"clear sky",01n,5,4,5,75,"2021-03-07 23:39:19"
"clear sky",01n,4,3,5,75,"2021-03-07 23:25:01"
"clear sky",01n,3,2,5,81,"2021-03-07 23:10:45"
"clear sky",01n,4,2,4,81,"2021-03-07 22:58:10"
"clear sky",01n,4,2,5,70,"2021-03-07 22:38:50"
"clear sky",01n,4,2,5,70,"2021-03-07 22:25:40"
"clear sky",01n,4,2,5,70,"2021-03-07 22:10:05"
"clear sky",01n,4,2,5,70,"2021-03-07 21:55:37"
"clear sky",01n,4,2,5,70,"2021-03-07 21:43:10"
"clear sky",01n,4,2,5,70,"2021-03-07 21:23:49"
"clear sky",01n,4,3,5,70,"2021-03-07 21:08:53"
"clear sky",01n,4,3,5,70,"2021-03-07 20:55:31"
"few clouds",02n,4,3,6,75,"2021-03-07 20:41:48"
"few clouds",02n,4,3,6,75,"2021-03-07 20:25:41"
"few clouds",02n,4,3,6,70,"2021-03-07 20:13:09"
"few clouds",02n,4,3,5,70,"2021-03-07 19:58:09"
"few clouds",02n,4,3,6,70,"2021-03-07 19:41:08"
"few clouds",02n,4,3,6,70,"2021-03-07 19:25:01"
"few clouds",02n,5,4,7,65,"2021-03-07 19:13:08"
"few clouds",02n,5,4,7,65,"2021-03-07 18:58:08"
"few clouds",02n,5,4,7,65,"2021-03-07 18:42:51"
"few clouds",02n,6,4,8,61,"2021-03-07 18:26:55"
"few clouds",02d,6,5,8,61,"2021-03-07 18:13:08"
"few clouds",02d,7,6,9,61,"2021-03-07 17:53:46"
"few clouds",02d,7,6,9,61,"2021-03-07 17:41:18"
"few clouds",02d,8,7,9,61,"2021-03-07 17:28:07"
"few clouds",02d,9,7,10,50,"2021-03-07 17:11:06"
"few clouds",02d,9,7,10,50,"2021-03-07 16:58:07"
"scattered clouds",03d,9,8,10,50,"2021-03-07 16:38:45"
"scattered clouds",03d,9,8,10,50,"2021-03-07 16:25:55"
"scattered clouds",03d,9,8,9,57,"2021-03-07 16:10:02"
"scattered clouds",03d,9,8,9,57,"2021-03-07 15:58:06"
"scattered clouds",03d,9,9,10,57,"2021-03-07 15:40:02"
"scattered clouds",03d,9,9,10,57,"2021-03-07 15:25:37"
"scattered clouds",03d,9,8,10,53,"2021-03-07 15:08:41"
"scattered clouds",03d,9,9,10,53,"2021-03-07 14:53:33"
"scattered clouds",03d,9,9,10,53,"2021-03-07 14:39:27"
"scattered clouds",03d,9,8,9,53,"2021-03-07 14:28:05"
"scattered clouds",03d,9,8,9,53,"2021-03-07 14:13:05"
"scattered clouds",03d,9,8,9,53,"2021-03-07 13:56:04"
"scattered clouds",03d,9,8,9,53,"2021-03-07 13:43:05"
"few clouds",02d,9,8,9,49,"2021-03-07 13:26:13"
"few clouds",02d,9,8,9,53,"2021-03-07 13:09:41"
"few clouds",02d,8,7,9,53,"2021-03-07 12:57:22"
"few clouds",02d,8,7,9,57,"2021-03-07 12:40:54"
"few clouds",02d,8,7,9,57,"2021-03-07 12:28:04"
"few clouds",02d,8,7,9,61,"2021-03-07 12:09:35"
"few clouds",02d,7,7,8,61,"2021-03-07 11:54:33"
"few clouds",02d,7,6,9,61,"2021-03-07 11:43:04"
"few clouds",02d,7,7,8,61,"2021-03-07 11:28:03"
"few clouds",02d,7,6,8,70,"2021-03-07 11:12:31"
"few clouds",02d,7,6,8,70,"2021-03-07 10:58:03"
"few clouds",02d,7,6,7,70,"2021-03-07 10:43:03"
"few clouds",02d,6,5,7,65,"2021-03-07 10:23:03"
"few clouds",02d,6,4,7,65,"2021-03-07 10:08:39"
"few clouds",02d,5,4,7,65,"2021-03-07 09:58:02"
"few clouds",02d,5,3,7,75,"2021-03-07 09:38:39"
"few clouds",02d,4,3,6,75,"2021-03-07 09:23:06"
"few clouds",02d,3,0,6,70,"2021-03-07 09:13:02"
"few clouds",02d,3,0,6,70,"2021-03-07 08:54:13"
"few clouds",02d,2,0,6,75,"2021-03-07 08:42:06"
"few clouds",02d,2,0,4,75,"2021-03-07 08:28:01"
"few clouds",02d,1,-2,4,75,"2021-03-07 08:13:01"
"few clouds",02d,1,-2,3,75,"2021-03-07 07:54:06"
"few clouds",02d,1,-2,3,75,"2021-03-07 07:41:34"
"few clouds",02d,1,-2,2,75,"2021-03-07 07:28:01"
"few clouds",02d,1,-1,2,75,"2021-03-07 07:08:36"
"few clouds",02n,1,-1,2,75,"2021-03-07 06:56:18"
"few clouds",02n,1,-1,2,75,"2021-03-07 06:38:58"
"few clouds",02n,1,-1,2,75,"2021-03-07 06:23:36"
"few clouds",02n,1,0,2,75,"2021-03-07 06:11:30"
"few clouds",02n,1,0,2,75,"2021-03-07 05:58:00"
"few clouds",02n,1,0,2,75,"2021-03-07 05:42:17"
"few clouds",02n,1,0,2,75,"2021-03-07 05:28:00"
"few clouds",02n,1,0,2,80,"2021-03-07 05:08:35"
"few clouds",02n,1,0,2,80,"2021-03-07 04:57:59"
"few clouds",02n,1,0,2,75,"2021-03-07 04:38:10"
"few clouds",02n,1,0,2,75,"2021-03-07 04:27:59"
"few clouds",02n,0,-1,2,74,"2021-03-07 04:12:59"
"few clouds",02n,0,-1,2,74,"2021-03-07 03:53:40"
"few clouds",02n,1,-1,2,75,"2021-03-07 03:38:36"
"few clouds",02n,1,-1,2,75,"2021-03-07 03:27:59"
"few clouds",02n,1,0,3,75,"2021-03-07 03:08:28"
"few clouds",02n,1,0,3,75,"2021-03-07 02:57:59"
"few clouds",02n,1,0,3,75,"2021-03-07 02:42:58"
"few clouds",02n,1,0,2,69,"2021-03-07 02:23:17"
"few clouds",02n,1,-2,3,75,"2021-03-07 02:12:58"
"few clouds",02n,1,-2,3,75,"2021-03-07 01:55:24"
"few clouds",02n,1,-2,3,75,"2021-03-07 01:42:58"
"few clouds",02n,1,-2,3,75,"2021-03-07 01:27:58"
"scattered clouds",03n,0,-1,2,75,"2021-03-07 01:10:47"
"scattered clouds",03n,1,-1,2,75,"2021-03-07 00:55:24"
"scattered clouds",03n,1,-1,2,75,"2021-03-07 00:42:57"
"scattered clouds",03n,1,0,2,69,"2021-03-07 00:23:30"
"scattered clouds",03n,1,0,2,75,"2021-03-07 00:10:05"
"scattered clouds",03n,1,0,2,75,"2021-03-06 23:57:31"
"scattered clouds",03n,1,0,2,75,"2021-03-06 23:42:56"
"broken clouds",04n,1,0,2,80,"2021-03-06 23:27:56"
"broken clouds",04n,1,1,1,75,"2021-03-06 23:10:42"
"broken clouds",04n,1,1,2,75,"2021-03-06 22:53:50"
"scattered clouds",03n,1,1,2,75,"2021-03-06 22:38:06"
"scattered clouds",03n,1,1,2,75,"2021-03-06 22:26:52"
"clear sky",01n,1,1,2,75,"2021-03-06 22:09:40"
"clear sky",01n,1,1,2,75,"2021-03-06 21:57:55"
"clear sky",01n,2,1,3,75,"2021-03-06 21:42:54"
"scattered clouds",03n,2,1,3,69,"2021-03-06 21:27:54"
"scattered clouds",03n,2,2,3,69,"2021-03-06 21:09:37"
"scattered clouds",03n,2,2,3,69,"2021-03-06 20:56:29"
"scattered clouds",03n,2,2,3,75,"2021-03-06 20:39:16"
"scattered clouds",03n,2,2,3,75,"2021-03-06 20:24:38"
"scattered clouds",03n,2,1,4,70,"2021-03-06 20:08:18"
"scattered clouds",03n,3,2,4,70,"2021-03-06 19:57:49"
"scattered clouds",03n,3,1,4,70,"2021-03-06 19:42:24"
"broken clouds",04n,4,1,6,65,"2021-03-06 19:26:00"
"broken clouds",04n,4,3,6,60,"2021-03-06 19:12:53"
"broken clouds",04n,5,4,6,60,"2021-03-06 18:55:02"
"broken clouds",04n,5,4,6,60,"2021-03-06 18:38:20"
"broken clouds",04n,5,4,6,60,"2021-03-06 18:24:07"
"broken clouds",04n,5,4,7,60,"2021-03-06 18:12:52"
"broken clouds",04d,6,5,7,61,"2021-03-06 17:57:52"
"broken clouds",04d,6,5,7,61,"2021-03-06 17:40:01"
"broken clouds",04d,6,5,7,61,"2021-03-06 17:27:52"
"broken clouds",04d,7,6,7,57,"2021-03-06 17:10:01"
"broken clouds",04d,7,6,8,57,"2021-03-06 16:57:51"
"broken clouds",04d,7,6,8,57,"2021-03-06 16:42:51"
"broken clouds",04d,7,6,8,61,"2021-03-06 16:25:19"
"broken clouds",04d,7,6,8,61,"2021-03-06 16:12:51"
"broken clouds",04d,7,6,8,61,"2021-03-06 15:57:51"
"broken clouds",04d,7,6,8,61,"2021-03-06 15:42:50"
"broken clouds",04d,7,7,8,57,"2021-03-06 15:24:16"
"broken clouds",04d,7,7,8,53,"2021-03-06 15:09:42"
"broken clouds",04d,7,7,8,53,"2021-03-06 14:55:02"
"broken clouds",04d,7,7,8,53,"2021-03-06 14:42:50"
"broken clouds",04d,8,7,8,57,"2021-03-06 14:27:50"
"broken clouds",04d,7,7,8,53,"2021-03-06 14:11:07"
"broken clouds",04d,8,7,9,53,"2021-03-06 13:54:35"
"broken clouds",04d,8,7,8,53,"2021-03-06 13:41:11"
"broken clouds",04d,8,7,9,53,"2021-03-06 13:27:49"
"broken clouds",04d,8,7,8,53,"2021-03-06 13:10:42"
"broken clouds",04d,7,6,8,53,"2021-03-06 12:55:49"
"broken clouds",04d,7,6,8,53,"2021-03-06 12:42:49"
"broken clouds",04d,7,6,8,57,"2021-03-06 12:24:11"
"broken clouds",04d,7,6,8,56,"2021-03-06 12:12:48"
"broken clouds",04d,6,6,7,56,"2021-03-06 11:55:32"
"broken clouds",04d,6,5,7,56,"2021-03-06 11:42:48"
"broken clouds",04d,6,5,7,56,"2021-03-06 11:24:09"
"broken clouds",04d,6,5,7,60,"2021-03-06 11:12:01"
"broken clouds",04d,6,5,7,60,"2021-03-06 10:56:41"
"broken clouds",04d,6,5,7,60,"2021-03-06 10:42:47"
"broken clouds",04d,6,5,7,60,"2021-03-06 10:23:07"
"broken clouds",04d,6,5,6,60,"2021-03-06 10:12:47"
"broken clouds",04d,6,5,6,60,"2021-03-06 09:57:47"
"broken clouds",04d,5,3,6,65,"2021-03-06 09:40:53"
"broken clouds",04d,5,3,6,65,"2021-03-06 09:27:46"
"broken clouds",04d,4,4,5,65,"2021-03-06 09:12:01"
"broken clouds",04d,4,3,5,65,"2021-03-06 08:57:46"
"broken clouds",04d,3,2,5,65,"2021-03-06 08:38:10"
"broken clouds",04d,3,2,3,65,"2021-03-06 08:27:45"
"broken clouds",04d,2,2,3,75,"2021-03-06 08:08:06"
"broken clouds",04d,2,2,3,75,"2021-03-06 07:54:07"
"broken clouds",04d,3,2,4,70,"2021-03-06 07:37:58"
"broken clouds",04d,3,2,3,70,"2021-03-06 07:27:45"
"broken clouds",04d,2,2,3,75,"2021-03-06 07:12:44"
"broken clouds",04n,3,2,4,75,"2021-03-06 06:54:08"
"broken clouds",04n,3,1,4,86,"2021-03-06 06:40:02"
"broken clouds",04n,3,1,4,86,"2021-03-06 06:27:44"
"broken clouds",04n,3,1,4,86,"2021-03-06 06:12:44"
"broken clouds",04n,2,1,4,86,"2021-03-06 05:57:44"
"broken clouds",04n,2,1,2,86,"2021-03-06 05:42:29"
"broken clouds",04n,2,1,4,86,"2021-03-06 05:26:59"
"broken clouds",04n,2,0,4,86,"2021-03-06 05:12:43"
"broken clouds",04n,2,0,3,86,"2021-03-06 04:53:17"
"broken clouds",04n,1,0,2,86,"2021-03-06 04:42:13"
"broken clouds",04n,2,0,4,86,"2021-03-06 04:25:01"
"broken clouds",04n,2,-1,4,86,"2021-03-06 04:11:54"
"broken clouds",04n,2,-1,4,86,"2021-03-06 03:57:42"
"broken clouds",04n,2,-1,4,86,"2021-03-06 03:39:33"
"broken clouds",04n,1,-1,4,86,"2021-03-06 03:23:48"
"broken clouds",04n,1,-1,4,86,"2021-03-06 03:12:42"
"broken clouds",04n,0,-1,1,86,"2021-03-06 02:57:42"
"broken clouds",04n,1,-1,4,93,"2021-03-06 02:41:53"
"broken clouds",04n,1,-1,4,93,"2021-03-06 02:27:41"
"broken clouds",04n,1,-2,4,93,"2021-03-06 02:12:41"
"broken clouds",04n,1,-2,4,93,"2021-03-06 01:57:41"
"broken clouds",04n,1,-2,4,93,"2021-03-06 01:42:41"
"broken clouds",04n,0,-2,4,93,"2021-03-06 01:27:41"
"broken clouds",04n,0,-2,4,86,"2021-03-06 01:10:02"
"broken clouds",04n,0,-2,4,86,"2021-03-06 00:57:40"
"broken clouds",04n,0,-2,4,86,"2021-03-06 00:40:11"
"broken clouds",04n,0,-2,4,86,"2021-03-06 00:27:40"
"broken clouds",04n,0,-2,4,93,"2021-03-06 00:10:01"
"broken clouds",04n,-1,-2,0,93,"2021-03-05 23:55:05"
"broken clouds",04n,0,-2,3,93,"2021-03-05 23:38:13"
"broken clouds",04n,0,-2,3,93,"2021-03-05 23:24:56"
"broken clouds",04n,-1,-3,3,93,"2021-03-05 23:11:45"
"broken clouds",04n,-1,-3,3,93,"2021-03-05 22:54:11"
"scattered clouds",03n,-1,-3,-1,86,"2021-03-05 22:38:13"
"scattered clouds",03n,-1,-3,-1,86,"2021-03-05 22:27:23"
"few clouds",02n,-1,-3,-1,86,"2021-03-05 22:10:25"
"few clouds",02n,-1,-3,3,86,"2021-03-05 21:57:39"
"few clouds",02n,-1,-3,3,86,"2021-03-05 21:39:47"
"few clouds",02n,-1,-3,3,86,"2021-03-05 21:23:28"
"few clouds",02n,0,-2,2,80,"2021-03-05 21:08:07"
"few clouds",02n,0,-2,3,80,"2021-03-05 20:54:49"
"scattered clouds",03n,0,-2,3,86,"2021-03-05 20:40:31"
"scattered clouds",03n,0,-2,2,86,"2021-03-05 20:27:38"
"scattered clouds",03n,1,-1,3,80,"2021-03-05 20:12:05"
"scattered clouds",03n,1,-1,3,80,"2021-03-05 19:53:06"
"scattered clouds",03n,1,1,3,75,"2021-03-05 19:39:27"
"scattered clouds",03n,1,1,3,75,"2021-03-05 19:27:37"
"broken clouds",04n,2,1,3,69,"2021-03-05 19:07:52"
"broken clouds",04n,2,1,3,69,"2021-03-05 18:56:07"
"broken clouds",04n,2,1,4,65,"2021-03-05 18:39:04"
"broken clouds",04n,3,2,4,65,"2021-03-05 18:24:50"
"broken clouds",04n,3,2,4,65,"2021-03-05 18:11:19"
"broken clouds",04d,4,3,4,65,"2021-03-05 17:57:36"
"broken clouds",04d,4,4,4,65,"2021-03-05 17:41:10"
"broken clouds",04d,4,4,4,65,"2021-03-05 17:25:46"
"broken clouds",04d,4,4,6,60,"2021-03-05 17:09:07"
"broken clouds",04d,4,4,5,60,"2021-03-05 16:57:36"
"broken clouds",04d,5,4,5,56,"2021-03-05 16:37:42"
"broken clouds",04d,5,4,6,56,"2021-03-05 16:26:15"
"broken clouds",04d,5,4,6,56,"2021-03-05 16:12:23"
"broken clouds",04d,5,4,5,56,"2021-03-05 15:57:35"
"broken clouds",04d,5,4,5,56,"2021-03-05 15:42:35"
"broken clouds",04d,5,4,6,60,"2021-03-05 15:24:50"
"broken clouds",04d,5,4,6,56,"2021-03-05 15:12:35"
"broken clouds",04d,5,4,6,56,"2021-03-05 14:57:23"
"broken clouds",04d,5,4,6,56,"2021-03-05 14:37:57"
"broken clouds",04d,5,4,6,56,"2021-03-05 14:24:49"
"broken clouds",04d,5,4,6,60,"2021-03-05 14:10:10"
"broken clouds",04d,5,4,6,60,"2021-03-05 13:57:34"
"broken clouds",04d,5,4,6,60,"2021-03-05 13:42:33"
"broken clouds",04d,5,4,6,65,"2021-03-05 13:23:30"
"broken clouds",04d,5,4,6,60,"2021-03-05 13:07:48"
"broken clouds",04d,5,4,6,60,"2021-03-05 12:55:04"
"broken clouds",04d,5,4,6,56,"2021-03-05 12:42:33"
"broken clouds",04d,5,4,6,56,"2021-03-05 12:26:16"
"broken clouds",04d,5,4,6,60,"2021-03-05 12:07:41"
"broken clouds",04d,5,4,6,60,"2021-03-05 11:57:33"
"broken clouds",04d,5,4,6,60,"2021-03-05 11:42:33"
"broken clouds",04d,5,4,5,56,"2021-03-05 11:27:32"
"broken clouds",04d,5,4,6,60,"2021-03-05 11:07:35"
"broken clouds",04d,5,4,6,60,"2021-03-05 10:57:32"
"broken clouds",04d,5,4,5,60,"2021-03-05 10:42:32"
"broken clouds",04d,5,4,5,56,"2021-03-05 10:26:45"
"broken clouds",04d,5,4,5,65,"2021-03-05 10:12:14"
"broken clouds",04d,4,4,5,65,"2021-03-05 09:56:53"
"broken clouds",04d,4,4,5,70,"2021-03-05 09:38:24"
"broken clouds",04d,4,4,5,70,"2021-03-05 09:23:53"
"broken clouds",04d,4,4,5,70,"2021-03-05 09:10:10"
"broken clouds",04d,4,4,5,70,"2021-03-05 08:54:46"
"broken clouds",04d,4,4,5,70,"2021-03-05 08:42:30"
"broken clouds",04d,4,4,4,70,"2021-03-05 08:27:30"
"broken clouds",04d,4,4,4,70,"2021-03-05 08:12:30"
"broken clouds",04d,4,4,4,70,"2021-03-05 07:57:30"
"broken clouds",04d,4,4,4,70,"2021-03-05 07:42:30"
"broken clouds",04d,4,4,4,70,"2021-03-05 07:25:03"
"broken clouds",04d,4,4,4,70,"2021-03-05 07:12:29"
"broken clouds",04n,4,4,4,70,"2021-03-05 06:57:29"
"broken clouds",04n,4,4,4,75,"2021-03-05 06:37:57"
"broken clouds",04n,4,4,4,75,"2021-03-05 06:27:28"
"broken clouds",04n,4,4,5,75,"2021-03-05 06:09:46"
"broken clouds",04n,5,4,6,75,"2021-03-05 05:57:26"
"broken clouds",04n,5,4,6,75,"2021-03-05 05:42:24"
"broken clouds",04n,5,4,6,75,"2021-03-05 05:23:30"
"broken clouds",04n,5,4,6,75,"2021-03-05 05:11:25"
"broken clouds",04n,5,4,6,75,"2021-03-05 04:57:22"
"broken clouds",04n,5,4,6,75,"2021-03-05 04:42:24"
"broken clouds",04n,5,4,6,75,"2021-03-05 04:23:29"
"broken clouds",04n,5,4,6,70,"2021-03-05 04:12:09"
"broken clouds",04n,5,4,6,70,"2021-03-05 03:57:22"
"broken clouds",04n,5,4,6,75,"2021-03-05 03:40:30"
"broken clouds",04n,5,4,6,75,"2021-03-05 03:25:34"
"broken clouds",04n,5,4,6,81,"2021-03-05 03:08:14"
"broken clouds",04n,5,4,6,81,"2021-03-05 02:52:42"
"broken clouds",04n,5,4,6,81,"2021-03-05 02:37:33"
"broken clouds",04n,5,4,6,81,"2021-03-05 02:23:11"
"broken clouds",04n,5,5,6,75,"2021-03-05 02:10:59"
"broken clouds",04n,5,5,5,75,"2021-03-05 01:57:21"
"broken clouds",04n,5,5,5,75,"2021-03-05 01:42:20"
"broken clouds",04n,5,5,6,75,"2021-03-05 01:27:11"
"broken clouds",04n,5,5,6,81,"2021-03-05 01:11:11"
"broken clouds",04n,5,5,6,81,"2021-03-05 00:55:59"
"broken clouds",04n,5,5,6,81,"2021-03-05 00:38:01"
"broken clouds",04n,5,5,6,81,"2021-03-05 00:22:36"
"broken clouds",04n,5,5,6,81,"2021-03-05 00:11:10"
"broken clouds",04n,5,5,6,81,"2021-03-04 23:54:06"
"broken clouds",04n,5,5,6,81,"2021-03-04 23:42:18"
"broken clouds",04n,5,5,6,81,"2021-03-04 23:27:18"
"broken clouds",04n,5,5,6,87,"2021-03-04 23:11:32"
"broken clouds",04n,5,5,6,87,"2021-03-04 22:57:15"
"broken clouds",04n,5,5,6,93,"2021-03-04 22:42:14"
"broken clouds",04n,6,5,6,93,"2021-03-04 22:25:58"
"broken clouds",04n,6,5,6,87,"2021-03-04 22:12:14"
"broken clouds",04n,6,5,7,87,"2021-03-04 21:52:43"
"broken clouds",04n,6,5,7,87,"2021-03-04 21:42:13"
"broken clouds",04n,6,5,7,87,"2021-03-04 21:25:58"
"broken clouds",04n,6,5,7,87,"2021-03-04 21:10:53"
"broken clouds",04n,6,5,7,87,"2021-03-04 20:56:12"
"broken clouds",04n,5,4,7,87,"2021-03-04 20:33:37"
"broken clouds",04n,5,4,7,87,"2021-03-04 20:27:13"
"broken clouds",04n,5,4,6,81,"2021-03-04 20:11:53"
"broken clouds",04n,5,4,6,81,"2021-03-04 19:52:58"
"overcast clouds",04n,6,5,6,75,"2021-03-04 19:41:36"
"broken clouds",04n,5,4,6,81,"2021-03-04 19:24:36"
"broken clouds",04n,5,5,6,75,"2021-03-04 19:09:25"
"broken clouds",04n,5,5,6,75,"2021-03-04 18:52:34"
"broken clouds",04n,5,5,6,75,"2021-03-04 18:42:12"
"broken clouds",04n,5,5,6,75,"2021-03-04 18:24:22"
"broken clouds",04n,5,5,6,75,"2021-03-04 18:09:55"
"broken clouds",04d,5,4,6,75,"2021-03-04 17:54:30"
"broken clouds",04d,5,4,6,75,"2021-03-04 17:37:57"
"broken clouds",04d,5,4,6,75,"2021-03-04 17:22:24"
"broken clouds",04d,5,4,6,75,"2021-03-04 17:10:12"
"broken clouds",04d,5,5,6,75,"2021-03-04 16:53:31"
"broken clouds",04d,5,5,6,75,"2021-03-04 16:42:11"
"broken clouds",04d,5,4,6,75,"2021-03-04 16:23:18"
"broken clouds",04d,5,4,6,70,"2021-03-04 16:10:54"
"broken clouds",04d,5,5,6,70,"2021-03-04 15:55:52"
"broken clouds",04d,5,5,6,70,"2021-03-04 15:39:09"
"broken clouds",04d,5,5,6,70,"2021-03-04 15:27:10"
"broken clouds",04d,5,5,6,70,"2021-03-04 15:12:10"
"broken clouds",04d,5,4,6,70,"2021-03-04 14:55:15"
"broken clouds",04d,5,4,6,70,"2021-03-04 14:38:13"
"broken clouds",04d,5,4,6,70,"2021-03-04 14:27:10"
"broken clouds",04d,5,4,6,70,"2021-03-04 14:11:13"
"broken clouds",04d,5,4,6,70,"2021-03-04 13:57:10"
"overcast clouds",04d,5,4,6,75,"2021-03-04 13:39:19"
"overcast clouds",04d,5,4,6,75,"2021-03-04 13:27:09"
"overcast clouds",04d,5,5,6,75,"2021-03-04 13:12:09"
"overcast clouds",04d,5,4,6,75,"2021-03-04 12:55:04"
"overcast clouds",04d,5,5,6,75,"2021-03-04 12:39:31"
"overcast clouds",04d,5,5,6,75,"2021-03-04 12:23:58"
"overcast clouds",04d,5,4,6,75,"2021-03-04 12:07:13"
"overcast clouds",04d,5,4,6,75,"2021-03-04 11:54:42"
"broken clouds",04d,5,4,6,75,"2021-03-04 11:39:29"
"broken clouds",04d,5,4,6,75,"2021-03-04 11:26:29"
"broken clouds",04d,5,4,6,81,"2021-03-04 11:10:41"
"broken clouds",04d,5,4,6,81,"2021-03-04 10:55:20"
"broken clouds",04d,4,3,6,81,"2021-03-04 10:37:32"
"broken clouds",04d,4,3,6,81,"2021-03-04 10:23:01"
"broken clouds",04d,4,3,6,87,"2021-03-04 10:12:08"
"broken clouds",04d,4,3,6,87,"2021-03-04 09:55:45"
"broken clouds",04d,4,3,4,87,"2021-03-04 09:37:09"
"broken clouds",04d,4,3,4,87,"2021-03-04 09:26:09"
"broken clouds",04d,3,3,4,81,"2021-03-04 09:12:07"
"broken clouds",04d,3,3,4,81,"2021-03-04 08:55:03"
"broken clouds",04d,3,2,4,87,"2021-03-04 08:39:35"
"broken clouds",04d,3,2,4,87,"2021-03-04 08:27:07"
"broken clouds",04d,3,3,4,81,"2021-03-04 08:11:09"
"broken clouds",04d,3,3,4,81,"2021-03-04 07:56:09"
"broken clouds",04d,3,3,4,81,"2021-03-04 07:39:10"
"broken clouds",04d,3,3,4,81,"2021-03-04 07:25:26"
"broken clouds",04d,3,2,4,87,"2021-03-04 07:12:06"
"broken clouds",04n,3,2,4,87,"2021-03-04 06:52:21"
"broken clouds",04n,3,3,4,81,"2021-03-04 06:42:06"
"broken clouds",04n,3,3,4,81,"2021-03-04 06:22:58"
"broken clouds",04n,3,3,4,81,"2021-03-04 06:11:09"
"broken clouds",04n,3,3,4,81,"2021-03-04 05:55:51"
"broken clouds",04n,3,3,4,81,"2021-03-04 05:41:09"
"broken clouds",04n,3,3,4,81,"2021-03-04 05:25:43"
"broken clouds",04n,3,3,4,87,"2021-03-04 05:09:42"
"broken clouds",04n,3,3,3,87,"2021-03-04 04:55:36"
"broken clouds",04n,3,3,4,87,"2021-03-04 04:39:22"
"broken clouds",04n,3,3,4,87,"2021-03-04 04:27:04"
"broken clouds",04n,4,3,4,87,"2021-03-04 04:09:36"
"broken clouds",04n,4,3,4,87,"2021-03-04 03:57:03"
"broken clouds",04n,4,3,4,87,"2021-03-04 03:37:49"
"broken clouds",04n,4,3,4,87,"2021-03-04 03:25:12"
"broken clouds",04n,4,3,4,87,"2021-03-04 03:10:51"
"broken clouds",04n,4,3,4,87,"2021-03-04 02:56:09"
"broken clouds",04n,4,3,4,87,"2021-03-04 02:39:23"
"broken clouds",04n,4,3,4,87,"2021-03-04 02:26:09"
"broken clouds",04n,4,3,4,81,"2021-03-04 02:09:02"
"broken clouds",04n,4,3,4,81,"2021-03-04 01:57:02"
"broken clouds",04n,4,4,4,81,"2021-03-04 01:38:37"
"broken clouds",04n,4,4,4,81,"2021-03-04 01:26:09"
"broken clouds",04n,4,4,4,81,"2021-03-04 01:11:09"
"broken clouds",04n,4,4,5,81,"2021-03-04 00:55:28"
"broken clouds",04n,4,4,5,87,"2021-03-04 00:39:11"
"broken clouds",04n,4,4,5,87,"2021-03-04 00:26:09"
"broken clouds",04n,4,4,5,87,"2021-03-04 00:08:49"
"broken clouds",04n,4,4,5,87,"2021-03-03 23:52:22"
"broken clouds",04n,4,4,5,87,"2021-03-03 23:39:59"
"broken clouds",04n,4,4,5,87,"2021-03-03 23:26:09"
"overcast clouds",04n,4,4,5,87,"2021-03-03 23:11:08"
"overcast clouds",04n,4,4,5,87,"2021-03-03 22:52:23"
"overcast clouds",04n,4,4,5,87,"2021-03-03 22:33:58"
"overcast clouds",04n,4,4,5,87,"2021-03-03 22:26:08"
mist,50n,4,4,5,87,"2021-03-03 22:12:00"
mist,50n,4,4,5,87,"2021-03-03 21:57:00"
mist,50n,4,4,5,93,"2021-03-03 21:41:59"
mist,50n,4,4,5,93,"2021-03-03 21:25:12"
mist,50n,4,4,5,87,"2021-03-03 21:11:08"
mist,50n,4,4,5,87,"2021-03-03 20:55:16"
mist,50n,4,4,5,87,"2021-03-03 20:40:09"
mist,50n,4,4,5,87,"2021-03-03 20:25:33"
mist,50n,4,4,5,87,"2021-03-03 20:07:57"
mist,50n,4,4,5,87,"2021-03-03 19:54:07"
mist,50n,4,4,5,87,"2021-03-03 19:41:58"
mist,50n,4,4,4,87,"2021-03-03 19:26:08"
mist,50n,4,4,4,87,"2021-03-03 19:07:31"
mist,50n,4,4,4,87,"2021-03-03 18:55:05"
mist,50n,4,4,4,87,"2021-03-03 18:41:58"
mist,50n,4,4,5,87,"2021-03-03 18:24:41"
mist,50n,5,4,5,87,"2021-03-03 18:08:18"
mist,50d,5,4,6,87,"2021-03-03 17:56:08"
mist,50d,5,4,6,93,"2021-03-03 17:39:16"
mist,50d,5,4,6,93,"2021-03-03 17:25:15"
mist,50d,5,5,6,87,"2021-03-03 17:08:32"
mist,50d,5,5,6,87,"2021-03-03 16:52:16"
mist,50d,5,5,6,87,"2021-03-03 16:39:13"
mist,50d,5,5,6,87,"2021-03-03 16:25:53"
mist,50d,5,5,6,87,"2021-03-03 16:10:48"
mist,50d,5,5,6,87,"2021-03-03 15:51:58"
mist,50d,5,5,6,87,"2021-03-03 15:36:58"
mist,50d,5,5,6,87,"2021-03-03 15:26:08"
mist,50d,5,5,6,87,"2021-03-03 15:11:03"
mist,50d,5,5,6,87,"2021-03-03 14:52:28"
mist,50d,5,5,6,87,"2021-03-03 14:41:55"
mist,50d,5,5,6,87,"2021-03-03 14:26:55"
mist,50d,5,5,6,87,"2021-03-03 14:08:13"
mist,50d,6,5,6,87,"2021-03-03 13:56:08"
mist,50d,6,5,6,87,"2021-03-03 13:39:33"
mist,50d,6,5,6,87,"2021-03-03 13:22:19"
mist,50d,5,5,6,87,"2021-03-03 13:07:56"
mist,50d,5,5,6,87,"2021-03-03 12:56:08"
mist,50d,5,5,6,87,"2021-03-03 12:37:05"
mist,50d,5,5,6,87,"2021-03-03 12:26:13"
mist,50d,6,5,6,87,"2021-03-03 12:11:10"
mist,50d,6,5,6,87,"2021-03-03 11:56:08"
mist,50d,6,5,6,87,"2021-03-03 11:39:30"
mist,50d,5,5,6,87,"2021-03-03 11:26:08"
mist,50d,5,5,6,87,"2021-03-03 11:10:27"
mist,50d,6,5,6,87,"2021-03-03 10:52:58"
mist,50d,6,5,6,87,"2021-03-03 10:37:05"
mist,50d,5,5,6,87,"2021-03-03 10:23:11"
mist,50d,5,5,6,87,"2021-03-03 10:11:00"
mist,50d,5,5,6,87,"2021-03-03 09:56:53"
mist,50d,5,4,6,93,"2021-03-03 09:39:56"
mist,50d,5,4,6,93,"2021-03-03 09:24:42"
mist,50d,5,4,6,93,"2021-03-03 09:11:52"
mist,50d,5,4,6,93,"2021-03-03 08:55:01"
mist,50d,5,4,6,93,"2021-03-03 08:41:52"
mist,50d,5,4,6,93,"2021-03-03 08:26:36"
mist,50d,5,4,6,93,"2021-03-03 08:11:52"
mist,50d,5,4,5,93,"2021-03-03 07:56:43"
mist,50d,5,4,5,93,"2021-03-03 07:41:51"
mist,50d,5,4,5,93,"2021-03-03 07:24:01"
"broken clouds",04d,5,4,5,93,"2021-03-03 07:11:38"
"broken clouds",04n,5,4,5,93,"2021-03-03 06:56:51"
"broken clouds",04n,5,4,5,93,"2021-03-03 06:40:20"
"broken clouds",04n,5,4,5,93,"2021-03-03 06:26:32"
"broken clouds",04n,5,4,5,93,"2021-03-03 06:07:58"
"broken clouds",04n,5,4,5,93,"2021-03-03 05:56:50"
"broken clouds",04n,5,4,6,93,"2021-03-03 05:41:50"
"broken clouds",04n,5,4,6,93,"2021-03-03 05:26:50"
"broken clouds",04n,5,4,6,87,"2021-03-03 05:11:24"
"broken clouds",04n,5,4,6,87,"2021-03-03 04:53:51"
"broken clouds",04n,5,4,6,93,"2021-03-03 04:41:49"
"broken clouds",04n,4,4,6,93,"2021-03-03 04:23:50"
"broken clouds",04n,5,4,6,93,"2021-03-03 04:10:10"
"broken clouds",04n,5,4,6,93,"2021-03-03 03:56:49"
"broken clouds",04n,5,4,6,93,"2021-03-03 03:41:08"
"broken clouds",04n,5,4,6,93,"2021-03-03 03:26:49"
"broken clouds",04n,5,4,6,93,"2021-03-03 03:11:48"
"broken clouds",04n,5,4,6,93,"2021-03-03 02:52:23"
"broken clouds",04n,5,4,6,93,"2021-03-03 02:40:55"
"broken clouds",04n,5,4,6,93,"2021-03-03 02:23:18"
"broken clouds",04n,5,4,6,87,"2021-03-03 02:11:48"
"broken clouds",04n,5,4,6,87,"2021-03-03 01:56:08"
"broken clouds",04n,5,4,6,87,"2021-03-03 01:41:08"
"broken clouds",04n,5,4,6,87,"2021-03-03 01:23:09"
"broken clouds",04n,5,4,6,87,"2021-03-03 01:11:47"
"broken clouds",04n,5,4,6,87,"2021-03-03 00:52:23"
"broken clouds",04n,5,4,6,87,"2021-03-03 00:37:15"
"broken clouds",04n,5,4,6,87,"2021-03-03 00:25:17"
"broken clouds",04n,5,4,6,87,"2021-03-03 00:10:13"
"broken clouds",04n,5,4,6,87,"2021-03-02 23:52:23"
"broken clouds",04n,5,4,6,87,"2021-03-02 23:39:58"
"broken clouds",04n,5,4,6,87,"2021-03-02 23:24:41"
"overcast clouds",04n,5,4,6,93,"2021-03-02 23:07:57"
"overcast clouds",04n,5,4,6,93,"2021-03-02 22:53:19"
"overcast clouds",04n,5,4,6,93,"2021-03-02 22:39:11"
"overcast clouds",04n,4,4,5,93,"2021-03-02 22:24:01"
"overcast clouds",04n,4,4,5,87,"2021-03-02 22:07:45"
"overcast clouds",04n,4,4,5,87,"2021-03-02 21:56:45"
"overcast clouds",04n,4,4,4,87,"2021-03-02 21:37:59"
"overcast clouds",04n,4,3,5,87,"2021-03-02 21:26:08"
"overcast clouds",04n,4,4,4,87,"2021-03-02 21:08:32"
"overcast clouds",04n,4,4,4,87,"2021-03-02 20:54:03"
"overcast clouds",04n,4,4,4,87,"2021-03-02 20:41:44"
"overcast clouds",04n,4,4,4,87,"2021-03-02 20:24:55"
"overcast clouds",04n,4,4,4,87,"2021-03-02 20:06:53"
"overcast clouds",04n,4,4,4,87,"2021-03-02 19:55:24"
"overcast clouds",04n,4,4,4,87,"2021-03-02 19:39:57"
"overcast clouds",04n,4,4,4,87,"2021-03-02 19:23:50"
"overcast clouds",04n,4,4,5,93,"2021-03-02 19:08:29"
"overcast clouds",04n,4,4,5,93,"2021-03-02 18:56:44"
mist,50n,4,4,5,93,"2021-03-02 18:41:43"
mist,50n,5,4,5,93,"2021-03-02 18:23:51"
mist,50n,5,4,5,93,"2021-03-02 18:11:43"
mist,50d,5,4,6,93,"2021-03-02 17:56:43"
mist,50d,5,4,6,87,"2021-03-02 17:37:43"
mist,50d,5,5,6,87,"2021-03-02 17:24:48"
mist,50d,5,5,6,87,"2021-03-02 17:11:42"
mist,50d,5,5,6,87,"2021-03-02 16:55:03"
mist,50d,6,5,6,87,"2021-03-02 16:41:42"
mist,50d,6,6,7,87,"2021-03-02 16:22:25"
mist,50d,6,6,7,87,"2021-03-02 16:11:08"
mist,50d,6,6,7,87,"2021-03-02 15:56:42"
mist,50d,7,6,7,81,"2021-03-02 15:37:17"
